112wiQRRGjMJ6rcmHnUX5M47RV6Cn1Ud5FB4sGyDbNSGzJAf2RCf;11xPGLd28d1ToAJSRZxiqrFgzxLB5MXnunAZx1ydttADALUkjzy;112WJy5WnDGAQifWEv7uF5hmrpZg3XkcNMXJanFCr9HYnmRF7okQ;11TUDQEnZa8KXwuCNPVjLWboFGnVskfua1dRkEvmaNgriMWBwAf;11tr6JF5mLtaSoy9qs8JtrLZaNdXzJygJst6iqWQmczHuEALzCJ;112qQbGR1MWVjy2QsHhbVS2s38yDfBD2g7veCsKQLKD6VdvdV4gp;112Nxr1dGpV5sAZP7TjgrGUCySKhs1gBvFsMpGMLda1EthryHXL2
112wd66RmtysB148z4nh6tKXbsPgEbmh3odCWeVQGofBKMEx2QhR;11P9WKmGARNHakHvX6MXF11L6VfBx95QBgqeSdf4kEwPKXx2oMa;11EvHibq4uNBJcjdzj2nEcBapqS4RVmd298BnrvHfqt1xH2EvL5;112nLBEjiwAnGeS7Kap5gSg7WDypCEExtmNo1nbWnjT2GMG5618q;11ZkpJh9AiBo1USiqZdZsdC5riRnB9qvFiWVw7hxzo9DvPYPaug;112tAUGascKs6nEVLUptJX6FW8ZVWXmv7feMr5xVoAqu6ujdJgvW;11449wCzLVpUMDbcWVAXwfMN9KZCgftWUFr3UYK4Pbp7hMz7Qyf;1126TaVXhv8aHA4Pi8WZQsEfsAoSoqnspUSbXZYidEdmy42KH5a9;112mxqiHdQowDBqrHJNmfZVfMxAu7PJjWKkD8363cr7GZ3xxHXDs;112X4rJxEMvN8iomzihQ5ztwCB7pJcs381SUKkf8qNCypf4kGcDD;112vX9NYR1HCAJsRmBQi266g1Cir9FyHHkLyqtnoDSYL1GubRsPh;11Fn5mQ3crYPSZ8FKRq7ZkWmnpE4GjPjaHvVpE2eoaSo15aCJGe;115qKNiAT4YSCAkww5Qgo7iDbg4fBNbmpdELrFui1NioCqUcQam
112wcEUmV1W5PhgtxEUBr5tRJ4dfYAVZPbHaxswESwRJASzq6Unn;112Y5aBaZHxPLDC8C2vupnr143RAYFdkxoqaysxqVwB5iSAepsBJ;112dDoGpGDDhpfgpScae4kW1X79im4gRkb4YNd9h9es5U86oZtpZ;11449wCzLVpUMDbcWVAXwfMN9KZCgftWUFr3UYK4Pbp7hMz7Qyf;11MiYVEBjJxNr6EDo4JB7N5pjd1A4k9zGDhLV5RMRHrmVFJYv69;11FLm8MCHz4afKVXquPLuxebpXNkf31fNWBfvkXmadxPhXqFxmu;11GwEdCmD61eS99vDTGJWXNT6tn3RmTbkqdw1FhbdwwYXtHYY87;112QTBn4vJiG7JXNQ1ENgnoCcSFXFpZhoDVDgSgk2J7dgauG6yDA
112wXzUYbtpF6GCLA3BUkG5co7gvSDhXRhpbSHfSqZDHEW5Lr2uK;117grp1Ut7g4KJLSX6WcyUZ84sJSqnuZGnHBahjJJ22sdDjVTyn;112K2iCdQAvzybUpDWfquJh21MkwEKraEQ9zuMsiw5be5JKFiLsv;11gq3Dhtsy1cajDFNjGmdyb8xoNwsGKSZ6pqaVkWhNQzvwCmJB4;1122QcESeBpAhzvzA2SK1RGYDiD4S2X8r2GpTSV3K1yfi2SqigXd;11T9LSxzwinxDv8c4XYWyLj96GRSxXgjb3C5LZjHN1qAxLEpVc7;112L7Zm6b9SuGZe7R9QMZ2XMLfX3HrT26q32gm6GZxz91M45r9Qb;11UXVS6szET1DzzZz2Z5b3v64upX8iDtdF5S6qmdzTMVi8Vp2Z2;11ZK36TxwYQPKjirKqzDGC4BiB6Y96bJ9ofGCmqFiscocsafePG;112Af6AySKjcDMQ5H4mPQpExLkksNMETakVKb5JpLz7iowCfrHSh;11NWvF2nN4nbDEzPL7mPAdoUSZkmRKEJCYE4N2wqwDXWnuFD791
112wXq4iVtwrn6xNs3kphSaBQiHFDp2iEe5K1E31YmcaBZovwnc4;112F9jirYRb5KzPBtxn9XPAi3EktsEF8ziNFVxP1dgRNvrKkSdhF;11rySgFs7Bub9rcw6rf5MG9nkS1mmmR3tMWsaKGr8caX4YhshxM;112bMSemYdNtaudWsyZXTyvktJfRMj6bXYiptF2hXdC4RGGHRWda
112wSJaUDuU6SkwhLvyRQwreRoBTEYBYLCkfneUZbmTDxFXNz77n;119hQxQAhkGT7dWMPXoPH4E811PzJB9PsgVjsTcUCDLPaCT9aNP;11cj67Csn7o3JrE16KsPGM2FYfw2WSB8Dk7s1DxK8nn8TJ2yCdY;111LsqyUrFUWLeZmzMbcMZZTX49Ao6VYg33PW3CKP3HiwcV4MZK;11PJosTj4AsRjpWhg96qMCaSzwFBRpDQJQWmbHhunYWiNygbGpL;112mRr9U2QkP5svLtTZjnGZ9qMwExoY8zz3Y5KyNYh6eKsvhsaxT;112heFM685LvRN4DudJf164XSTe2tACLYcj96xJq9cwjKtPVZz2u;112AaTGbvSH7CFp8K35A2eojLSm5UdqJtTzMzoHExua1D5NxASDF;11BssAgjR51thQopGa3H95TCFS743mRuocjLZNJW1jQdVz1f7gy;112YEbkg88hPWrtjMZUfTgtoxiAPKCR8HQGnAnJkowo3BhBb9hV7;11PAXxHLUJSqFCVFJZqxb9JgcQ7oBK17ghGoin5CXbKEKz4MzL2;112HMTZuokwgpQAyA8YGdPxAkv6KZinAikm3xDRsxBGW8TBEL5rW;11nUxtJcJX2WB3C4zzf5pLRRhELB151S4zcaonvtpwBH1ZfQHd9;112tAUGascKs6nEVLUptJX6FW8ZVWXmv7feMr5xVoAqu6ujdJgvW;114sDuKq54vF1Wtvvdvd33uND8whxYGvqqwxYciYkCWKR8Z4C2w;115QQe5ZfJXAvZ4P1oR59a5DxCVCdNKdNvt4itk4VVeJsa8sg9e;11X7tsSqUPFD3Wn7QYbU7qHCZvcq7MqziE6gVaosv6CbbyrGirM;11APHtbYCRYqx9997LwLrPHDjFvEWv4bDN7S2nW5oPR6FVGqAvL;117ei8DWNjSFuLgg3BrtTNSTi2tt14LRUFgt1Bk2kYqkHWrg82c;11ywa1dTu7RAAdAE3u2owPNcfM3B1HwVEad4U2hdh5h5Pj5k7t6;112NVqjA6Q6LfAB4c3yEyXJ1AToA1TGWpkX4Bcj9848hMCtk5mqg;11Fn5mQ3crYPSZ8FKRq7ZkWmnpE4GjPjaHvVpE2eoaSo15aCJGe;11tWRj2Qhnn177iVYm3KUmbPdMyhRfeqHqk9kCyiR7y57hdG9JA;1125WYie1fJv1pGNKKbp2gXtrsRvioyENqHj7jGw8AXx1DukDLKt;11JSA1Gmn5AB3NdFCVENZLFqBgcjqTvq8Xc1uP6iPPfoyBNRKiF;112nZ1VrXhFxS9h4jHAS5WNfUx7gPEE7Td5edzSmZgZEZQw53Hsm;11qTZbaXb3ZxWD3fW4PmVJryWXyY5dCPaSTKmvDhgEBk8bxTSvS;11AwXVVAUYWCsbEwdeYUTrq3Fn8y7C9AzmQNWivVr75WcXsipGA;112mQYbDFz8y8Db29YB92SUAkc8pH5vt2HDYRogUfJLfZD7mPsRC;112aveFjq3esLrhsR6cUxp39DU63qtWD7JU5EyJeBnwxrDqXVcY;11dqhAUxm8VmfuL4GyWDqYhZBNcii8tUXjdtLF39CuvzNJqsMoD;11Phdndz1hxYouUs5sUNE8C49N5JQwfy61ChFKgbS1aA3CfQ2h5;11NhTgegnyyqabT6NKjxW7VvaSwFU9LjxPLPEw42teQQZnrK6RH;11onuZabN4rwhjSnYfaGLZywRiid2aovGTaxoFQBLixQDLUXWaE;11788ssxHKPsBrbQjM4WnyVsasH91m8BavPvqwb7CK3ngxTGLrB;11YuTPrSdxKQPsm1DpCKGc94z26F8F73LSd4GdAVM7RkqzdGi7T;115qKNiAT4YSCAkww5Qgo7iDbg4fBNbmpdELrFui1NioCqUcQam
112wRuzFLQLhJAYM9KDMkZYpKNSLAorWrXrnbP3p7zHShye7VM8i;1128X1iWjtse8DVtScRzPTX9kxtLsLuGzjmGvkRHghkQXakybVpF;11jngF85QQc4JUvkK4uJ79vY7zLY6SrgKw911wpmiBvgMHsUJma;11WYoLKfPReifo7H1t9pLa5RfUCGu4p2HDWC9uMUNR7zdV9pkH6;11gq3Dhtsy1cajDFNjGmdyb8xoNwsGKSZ6pqaVkWhNQzvwCmJB4;11449wCzLVpUMDbcWVAXwfMN9KZCgftWUFr3UYK4Pbp7hMz7Qyf;1122qk3eCzZgqkkqqWgsoPuRNarMPE5Z9w5eX7CvQLKf6kmAy6kW;112wcEUmV1W5PhgtxEUBr5tRJ4dfYAVZPbHaxswESwRJASzq6Unn;11APHtbYCRYqx9997LwLrPHDjFvEWv4bDN7S2nW5oPR6FVGqAvL;11xPgj2VS9diNYNU39A6mwfYhNmrGiLneAppCMHdoLD9zYpeL9H;112jgi1LLNg9VPoAnPgMCmwkGu16H5QN6pZfjwmTVgcmMZ7CykvY;11Fn5mQ3crYPSZ8FKRq7ZkWmnpE4GjPjaHvVpE2eoaSo15aCJGe;1126bBbrUxEn9HigPjS2DHUTKZFmte8NLTVHpZPQW4daf6zbXK1x;112bMSemYdNtaudWsyZXTyvktJfRMj6bXYiptF2hXdC4RGGHRWda;1121YAHxxzLCtJHXAx8GuuaPRBPyBXBGKPHHqmt41jrLBU8EbsHY;11shsZxFqLspmdSrMU8hZKvRdVbZyAYaKtpxwsr6za6K462Xduw;11UiRYqYcex2KsZtdueGFR9F9fwJnPqAbRkqVQ5utXuPY9Anotu
112wRHmmSg7CJBB5Rz1sumTWEc7xmhUMqwtBo7cmB2aETnmkixPs;11o3c7XJvw5KkgW57uvoGrvocW4r49rc9NS5dY9bLg3yp7KVHN6;112HxffpDAph3CiHgHJN3s9t2VBiLnxrue3TMq8sHF1GABoXGKqR;11EvHibq4uNBJcjdzj2nEcBapqS4RVmd298BnrvHfqt1xH2EvL5;11263kd7cLpvrfBDv8GLEF5kq37kjxHFYE6t8KLEpe8fnwdLoUEx;112fWZVNNWMjMBmB6C66dAsMKUaUxmAui6ZUL4LKtbtiBqkpMq9i;112KbfzCKEqy8YeoSKMtwSi77c534gFTcu9XGzv8yTHHZFQ5gVFL;11NRyi5nYDcAsjwg9YEFJGkGbzyBQurGXwquz1NY8ckatrBym3x;11eunsaMTnTEZbyJJ7F57aMPyQPFVX3kZeWbGhmLtxjdg4sbjCG
112wNt54qvinwZYWmjfQ64BHSNg7vhLQ5jWxLhwiWukWA7g6ZJf9;11dvWDU5EAj7oamWMbPQHzLyKn6yzBrGgnrEUmbCKjxAtNexXzY;112LPKjrpswhJpiEar7ik9FRvxw2qrsthd7dTEdBirvNgudJekvr;1128BhJnRTR582Sy7fTCo4YXBG9Az7jZc2vFYMZjJFbALf3vPa62;112qB3YaH5bZkCnKA5uRH7tBtGNv2Y5B4smv1jsmvGUzgKT71QpE;11Fn5mQ3crYPSZ8FKRq7ZkWmnpE4GjPjaHvVpE2eoaSo15aCJGe;112QTBn4vJiG7JXNQ1ENgnoCcSFXFpZhoDVDgSgk2J7dgauG6yDA
112wMWNWgF5LjFNLcDEyXCRNbcov4VNG6RLYeT8RM6gzhfibT8FK;11EvHibq4uNBJcjdzj2nEcBapqS4RVmd298BnrvHfqt1xH2EvL5;11fpjYdpBueuiE3XaqANWChGtsrEPFDEnqYyvHq54Sc8Xf7bpqf;11258o8twoH8ePLdkHTDkK8ofoD8W2jqLfcY2aSxtqfenPn14gQH;1123TZdyEyf3JZxv9GL9tM3Cfh2AhwxPoc6yCv62WqaAU5VFaDR7
112wM5uXDZ15XprFZTUULTDxTSTaDkquVLbyxdm8ZTknL5N2FFHg;112wXzUYbtpF6GCLA3BUkG5co7gvSDhXRhpbSHfSqZDHEW5Lr2uK;11mrv5Ff3zvwDV6c551ZWGA92x7jcHXpxavu1u6XZ5zWnRJGSoC;1135Zz2ZXqcwGeKRmfYEiDvWNCgdKeCHbdXZbzy3fwwSCr4Bf3V
112wKctXj3Bim3apqyX1vtLG6zqKFbGJTwGt9R5qa158ZVnLMZKY;11j5RuvypXUraqU42RGxLuMxdHqsexsaurWWmvWgEMSmgvFbMg8;112r9NPL3zpUfR5Ki9sStJSdmQUTArFFrm34ybs2BjMaKxv1Mjec;112ogBDN2LrNdh417QdCZfJ2eqeiqQizNHtAxZ9fxLUwu6tfTt3Z;11snBvngW5uLin2CfARgtZazrsSXMasq2LM1yyAvxo8gxvJbYdv;11449wCzLVpUMDbcWVAXwfMN9KZCgftWUFr3UYK4Pbp7hMz7Qyf;112Vtzsc9XZAZcSdyNYkqtQ49oXAmSHjgq2UbJ6YXd4fBHmReEpn;1128VuNngZ4ybEDUGEkGBJehFfGh2cbFhZdXuS3R25Cf3ZhzgWVL;11ds5W6BsuVgwRtTMxVcB9eYKU6CdvTSySuoVqfQwczK1oHc5GF
112wHrjmASZYoGm8fvxeGVto5J9VkEp1NJQ9Pz2m5A3RFWKEEYSt;112ewP6DTCisGG9PC7Dij4hi55RdhKFjBEbTTe6Vetfyi9sxvjG7;11pYL3hMLw81Nfav1N8wnPCAbgb1Y2gj4CHyo8S4j74eWf9RB12;11EvHibq4uNBJcjdzj2nEcBapqS4RVmd298BnrvHfqt1xH2EvL5;11geUP3NgM8pcQbmeY76Uzp55UVEtE1QU2RrdeDA3hNBRdeMgZH;112a5Mzuhw4h9Er29yGhsYLi9FePQmzmgyKXZW53to8uXHzZYSS3;112AXm2VBZdyUnit273AGtXAapTs7E9W7KTWQgVZsNNsYozV4k8o;11v1pJvAxpbPW5deAt5tm3eZo7KkX8g6zSRgTJyNnLpgn7f651d;112qQbGR1MWVjy2QsHhbVS2s38yDfBD2g7veCsKQLKD6VdvdV4gp
112wEDaaeDbUUCNtcjd8LCX6epXuRvSM9qQZW2KtyM2vDgT6GK5N;1127B1NQYCX9WkMZtesVz7Jso8s5a3oSaBvyw1wNmnHNLL9MZ95;116Lq26mCAjEAKH55o6E5BnUQPGwZX1TUv9WrDS8xRyen4N5ct2;117ei8DWNjSFuLgg3BrtTNSTi2tt14LRUFgt1Bk2kYqkHWrg82c;11VuiosaF3GnumKdkRmmr2WJW8FYtA45SpifquR2d4CvndBKhsc;11gQQknec6vuRm8exJU4UG9pyT1e1NXr6yZV7sjPdCwvXaYCJBN;112Zn2yKNZzm44PAzdWtEn65wJmiCp1FnMk39maaMSzkb8FS3eXq
112wDSJ8N6TndW8qqqGEXsqYPJkpeNHBMbaHQktEmBHyJjVbNSiM;11449wCzLVpUMDbcWVAXwfMN9KZCgftWUFr3UYK4Pbp7hMz7Qyf;11TFhdBP5Rf2gwFeci8y3fFR474Yc89u4Wm2uaKCywVRA3HzAtL;11Fn5mQ3crYPSZ8FKRq7ZkWmnpE4GjPjaHvVpE2eoaSo15aCJGe;112dXjSacBehmUgTkmQ4rk7QAmwMgRBAeJz64eaRE9HaDVdz6dSA;112X7BdPdCqpNSg4Wg2ZYEdysVaqQMG9cQYkgPh3544ZYiSARiKB;11hvyMGMh6rgdiDDvzmtvTJaNYoyaPobi8fUEJKrvb9PhuVgqBv
112wCWQvGWApjLwxFaq7mMXKdqKW2skzbDydCDje8B9cK1WA5bpL;112M3SV3Jr5fD3miCeaPaEiBW9Kvkve3WxemNyJdhqoujKe64hfE;112iXJ6dk6mnHoSv6GYQN62at67rRCFVgQGQFaR3J5P3y1KNAtqf;11XUHtcpiDXyR1dYUgRrYDcm7HYUyykzqsCRdUqCv9mAkwP9PCF;11mComj8vti8MgXLmdLdcYuA4ZRK9FmeXjdJujEVZrcyTiVZZ3w;112qB3YaH5bZkCnKA5uRH7tBtGNv2Y5B4smv1jsmvGUzgKT71QpE;112fw7meWogv2JY7CAoFNJfZLCDbMYt6fV21sHZUrHgPeUzRUQJd;11Fn5mQ3crYPSZ8FKRq7ZkWmnpE4GjPjaHvVpE2eoaSo15aCJGe;11m2ju3Uua7juzYvaPJMCXdqXjx8VSVGmj53Ch6fnoWeJQd1mDk;11SptkLPupUH4b4XSFzc43MEDPC2JWxUxKGq4F5Edd5gytE7Vma;11Phdndz1hxYouUs5sUNE8C49N5JQwfy61ChFKgbS1aA3CfQ2h5
112w7x5pfLNtHzioTJZpacjymYXQi6HJmDmjazs4cccD9S1A5w9z;11GNx1mZspCQKS5hJL7cdLcqJ92THUNo8XYtLR9uYCxtBZ4XSC5;112nKg9WDQUiPS3nhMkaPt5pJw4XbGisv3rZRskUcyswv4WDYVR8
112w7rbF2bCc6kGXhm3yN9191ojuCrHnheCjHz159aZHzoAmAS4o;11EvHibq4uNBJcjdzj2nEcBapqS4RVmd298BnrvHfqt1xH2EvL5;11unxfr8mrXmjZhWBYGCrykunM3ztzSnMJEEUiPKTnyHnVXd1Ui;11GkDAdUzB7n5GAKVUFqP6H6BVGwUCnSTe7BMevfAsscACQvzxw;112tg9WF2pUuX8TxumDFJZW6LtcuW2uzH9dZskrTKXzyhtV9rE9U
112w6wvyrvSKE3MtrLGB2WBxBF2feSDFr99Apq7noYrPe75AHiTJ;112M3SV3Jr5fD3miCeaPaEiBW9Kvkve3WxemNyJdhqoujKe64hfE;11JFNJ92Ri2eoxZVS4nLPm1Nd4ge69b8nnqjfMxsUQ7iLLz9Jgz;11ak1GCG1o5eQgD5bXLy6PBwq84BrNnqpxr4ZRL3uLnSLf7LoJm;112uVWq45n18AQnCASMpTiAsMcQvE7oqmtYji9FHab2yxfWsbmhX
112w6FRjjktCeQ1QVUNwpRfNNTHX3aNRKSDztutRbQpeB4XNBczL;112aL9DwUkMU1GUgzfDQh9zm2FVbgxZKR6X7EfZhAGDiA2T92PHU;11dLX7xNsr8TmaknKtZxiXbKcQrgpCJzvjNATrM7bgVvUdk5tzC;11kuSCAYrZ5us6Lyh1NF1fonB9chPcMYJNkheEe96ymMiYvq87b;11KbfyQKJewkn23Pn5PDUo5duZ4EMy8sADUuMsEvxPCw2ab4Bmg;112CxKW82R7QwgTRQHsPvd1LNqp6hMUAA7enZZuLXUnbHCM38qCN;112CypxJiHWJpUn4i8jvjSEGZDyLuKTZDxTVoB3rJajrdfz563P9;112QUvVwvwchEJgH7TYS9FmGeS9oafF4ZKXNyCApFp4Lgg3go9mo;112s3emvrnUhkNeNnGXANuCoje18z2QED7wCiEoc6eKvCEXAqfZF
112w2r1QkRyePEp3qLvFoHfetXuUrYz5xxjro8Y1gWUp9gHSBE9N;11c9Fk25MpLEQYfbip3mzuHVfX8M4vFgKU9ZUjQEU4uU4cGVED8;11EvHibq4uNBJcjdzj2nEcBapqS4RVmd298BnrvHfqt1xH2EvL5;11GhFTu4aixxgbDKTvzeEy1DxM8a9RvTScYRzCsb3BwSDBabT9h;11bEV6kzvqz19BDadu3T9CuE46vbEMTVq6UNcVPwFPA5tV8FeCe;11Fn5mQ3crYPSZ8FKRq7ZkWmnpE4GjPjaHvVpE2eoaSo15aCJGe
112vzRYFoZEEBHccCyt2WcKSqKFnHT775PkQv826nC5Dp6Q1HXSY;11Fn5mQ3crYPSZ8FKRq7ZkWmnpE4GjPjaHvVpE2eoaSo15aCJGe
112vwuL2nkGf4aGJ6Ct6euMvLJX788iUnFBDmH7kaWEFswM4oi6T;112L1MDui9EeYQX3imBo64Wj5ncBQdMW7VXWGK2vRxBEfHizq8nH;112k9k4VAqfQAtYJGbgnVgvMjdR6FxYy3SmfRTmyeYptAna5ZBYJ;112Ri48KAivhBwCnhd8Wx5NFECExfoAUH6dBPQXm565UYUmjNErE;112kTzN5PXMkd5gYZWgNgkaYjM7MR4W7CuqE2AKqWnvDoxwNX5xY;1129kxYUyJtb87km4do27gpbyXk4po7vfyRS4uqRgBRGAkbFrXxs;112u1UZmJbJXeh1SZ6t4XWsCn7uomzPpWTtAwL89CwHC8oMsMwaP;115x3EbREXJzsVyVpx8GFQeBtDHdG4n9Fbpvqt6RExrPM9Ziz3Z;11drN84J9Gy6z5DguAkbPd84KAU9nkHc9WUfVYia8d5Zc5bb69H;11usxtRYeJ6cV9TPzzjsrkzSPZ6W6y29eF9FZetL6LG7oom7U9a
112vsVNy95EzujW6iLV7cm2sgXDxCaQp4ZyNXijx7QMUsySDgMzy;1122QcESeBpAhzvzA2SK1RGYDiD4S2X8r2GpTSV3K1yfi2SqigXd;112wRHmmSg7CJBB5Rz1sumTWEc7xmhUMqwtBo7cmB2aETnmkixPs;112gNYpVWcvRLtSVskrkcodfBGT2p2UxchKHz5ynq5Ri9BZp1v2r;112AXm2VBZdyUnit273AGtXAapTs7E9W7KTWQgVZsNNsYozV4k8o;11Fn5mQ3crYPSZ8FKRq7ZkWmnpE4GjPjaHvVpE2eoaSo15aCJGe;112KKUmZKGU2m24G3pwAMxhZH2eobtwTP7f7qzQksqUTHgfhtvVq;112AL48dbC2U4XyPuY29mmzYYHUsD8JZ6Yt9tqJ6DpR3W1pSJMUq;112qgg5h6etN44WRzAJtkCvLafgUQcLScLLLwyzciCkRj8AJbnQe;112ch8YkREzdFetsLj5Ea83nH8kaehGRshutDhM3KQYRma4EwrK5
112vqLJMYAiP9HNDx9gCt3gD9db3rzkfc3Q2Xf5ThBJqiTCJim7j;112erqoTZvrrnPc5FcUNfRBS6PgdWnZXQx1WoNpt7ydEKNHYDzKH;112W5GtkhfwQpCnQEk2cXwYfenCotguMGYJXzyrT6UScY5s7jNik;1124PCVCe93jFRKcBaM3hLuCMr7LdBVrJsDZgAAaBohDmQRQNRAT;1128tgse2uFtKtSpw2ZTKwZQpEyTf4JfrRfFRdAz72qbnoeVimwt;112uAw2MytU9M1ApBxJWQYbUU9qoGDAVqRRfKGjonEMvrVyEKdp6;1127FgKTt3qubx3ergWsTQtLnQo7gjTgDmYHSK4Ahekjy7jTgrHu
112vpJtD5KtGGrX9dXBhcP3Bh9Jc32YfpzpUYydfACfDHxgYsiTi;112EnpmqcKxw7BkzGXyw6RgMmv1JHgkR5MEjvKiSKWdwVrJpvDWJ;11qN1fRkrYv5gjbY1YTLeee2ivk4H2g4pKVNcRQmGh8BvcTwQzG;11EvHibq4uNBJcjdzj2nEcBapqS4RVmd298BnrvHfqt1xH2EvL5;112wRuzFLQLhJAYM9KDMkZYpKNSLAorWrXrnbP3p7zHShye7VM8i;11VR4mCPok5x1TfojQsbWq158mNvouuzoMdSX7SA2EhkM3HHZSN;11449wCzLVpUMDbcWVAXwfMN9KZCgftWUFr3UYK4Pbp7hMz7Qyf;11S3HXLhSkZMqRT7ErqCLX3ejb6JvwbcUAcNiQRJfFwxYs4tu95;112TYyiHFxgGa5oC7wuuwfXyKhWh8oeA5HpRKJvwMCUwBHCVjwgk;11mComj8vti8MgXLmdLdcYuA4ZRK9FmeXjdJujEVZrcyTiVZZ3w;11Fn5mQ3crYPSZ8FKRq7ZkWmnpE4GjPjaHvVpE2eoaSo15aCJGe;112DymdnZPTDYjcSxzLofdRCGtZJwDxFMr2ngyj3oMJ8ZX3Y96u8;11tnNon6fw8KT6pnEevh6e1cG1nrUmU1j3Y1JsJ8jAFhMAnPKEA
112vnXXgFMoFa775wD2DGSUzHNBbFqREJ6TzwsgbcnMLW5QYoQRk;112V8udo71oRYrA9K2DuuLWkAkbCCyhghZTnLaUz7TFgJfsX3sp1;11EvHibq4uNBJcjdzj2nEcBapqS4RVmd298BnrvHfqt1xH2EvL5;11ZxyxsoHTX1bomRrXx8P4D2k9vnyCJsCFH7YHLJp1G5xK2dm3B;112bRYZpgjHR6v1gTKbWH9bh3kV4QZfJD3S1kkodYWtDp7QX6A3;112T9qYhATDmkaWCxBRytWHSCEU7BL1kX1mK2HtyyVbsoT57ggyb
112viuJi68BitnfcZewWnE5VJtoE4rSM8Rj5JuBQiqN6wqbAxhdG;112eAh3Wsb5KDNGsvPuHBrTMHeAsA36YvhqsYF4jBqM8HFgN4X5g;112rytauPKejoiN6QwZFX1xUqRmA7QVHkrhrSBRzvXMfGY3eBHDv;112WkrzFZPFz1jN1TwcNvqMXBsoctxbNgnETfrpv5Sae9MMBpDvr;11JkRhWLAoFc7hPMyGrjjbyrRAnbiwfGhgs9fPuFur76MuBdfiU;112aZ91seRiR7rSzjVfuHp6TFaTCCTeK3gWdoZ89nxrHEGK3MnoC;11fzZ1R7SqJSYfwxX2iMMPLpzM7ozuxXw4M9Q1p8zu7bHcxmEcV
112vhWKBJMHAr6u9LLzkd3oPJkjeX3nCnH64WWQYzKvKqngUScZB;112nEBYdjeacwXg9T9j6dhKG7uiwKL4jpA4wu2ugW2Qx6CfBEUxo;112GiTqBaDKMg99V5Xs7y1gQ5F4Q7iAwZXgqdJXyj4BrWizjSZo;115JucmPFDKUwvE4fkHR6GyQsttSUMi11KYme6pRcRTVXTqE7ww
112vgyDQUk5U4Rpj4QpwSTyYnDFeir9WxvRfhYh8hfWiKH5aon3t;112veMv3yQZ1tZTWV4TFGVDTYLDXifLnBSuNnaM79YBtYzoU8867;112w6FRjjktCeQ1QVUNwpRfNNTHX3aNRKSDztutRbQpeB4XNBczL;11dHfa89jzcgnKwMtkK9fLaegDmPRiidLqSA26jE8A2m3yKnZki;112J4FWWDkdPZADSaB7wNHbJZivwnzKqB2JybE3sPoieUn8ZGW7G;11a5gmGk52BpKC2EVkzbHawaDu6jSkBxJ6FUGqVwgwd4D85mWix;1121zJXV36xWGv8jEbtmHVjr642wDZ8wHMZxnsvDk65F299Howhw;11nW3gEuW1dgcnediUnLWjTi1rr4chCmzPZNamhRQbXcNcWSaDn;11Fn5mQ3crYPSZ8FKRq7ZkWmnpE4GjPjaHvVpE2eoaSo15aCJGe;112oAQsafn4yRDc42Sa4RMsbauMupF9iMgz5fUrWcyqmqC7dwtom;11GMmBQbN2jnSwCTShe1YKbZAhWjqKKdbmBcTSyEFxpY54GNWYT;11vvLRE4eEAJjeTiCLvcAAz2zACJs6dSKZdoARo41kddSUJEsJ
112veMv3yQZ1tZTWV4TFGVDTYLDXifLnBSuNnaM79YBtYzoU8867;112nEBYdjeacwXg9T9j6dhKG7uiwKL4jpA4wu2ugW2Qx6CfBEUxo;112wRuzFLQLhJAYM9KDMkZYpKNSLAorWrXrnbP3p7zHShye7VM8i;11gvExqxCcqW958te2tBUqGvsvrNPS22AWG9EASVsKErdoEfRio;11Fn5mQ3crYPSZ8FKRq7ZkWmnpE4GjPjaHvVpE2eoaSo15aCJGe;11ji2NqbRG75YbE1Zcmkeeu9L47SwqsApg9gibTaBcS4rU7t8yr;112ch8YkREzdFetsLj5Ea83nH8kaehGRshutDhM3KQYRma4EwrK5
112vdxfBcybRex4v9MPCKo6rqopd1qfMPBX8VpmxPpEf8oifiAQV;11MgJfob6KiUbHEpqXgpAKAZCywsCy8prbhcV5Z5PLYr6xryKf4;112MDzqqb8Fw9HyJvo9h4HHgdoui6w98Ls1XbKEoGrfXsQxUy9U4;11yU2TVHkfEghQvJ5nKSgRsMRs7r77cCReK9BRPUCeARWDYm3Zw;11EvHibq4uNBJcjdzj2nEcBapqS4RVmd298BnrvHfqt1xH2EvL5;11R2z2wRA8k5oBWKwJb1QEGrfRMS3s7YUkFnsNsTcdWUMdLkZ7F;11xjjVxiZ1HTJabbuSMPSYE6axahKWwJHjnkVjjRNti7Z9E5ZGR;11bM4b5zbLzA88bzDXU3fME5DNcPJLt1AFMqGpao1uid1EXmovk;11Fn5mQ3crYPSZ8FKRq7ZkWmnpE4GjPjaHvVpE2eoaSo15aCJGe;11H9gKfNPTSmT28hx7XupxquuxUhkC9rkGiuXkSJ1R73KxbGfnt;11WJTYsavhTHNHAuTWLMqsLmXAEx1yqaqFmwsWZEPAdNuDwPHhs
112vc42otqcAw4s1vKvrLnaAqpNFxFrmCzskvfC1qLhPvJFxVziE;11u8x1pWW7PBYyzopm9FisBypueRSNnatCZovW3HGwBhdxVvark;112VUyFVgHQ4Fgn7nZbY6swbcb8Wow794eCHNRcNyxE2NXhePz3W
112vbdNGiDWzbSHY6MxmqLMuM1sAYgXcQ7rX748wi1vcBTTgTXwv;1128pP9PHUjY6jxZGMT77sYR71NRRpNNnHsA4oF857F9GEP3cHEj;11EvHibq4uNBJcjdzj2nEcBapqS4RVmd298BnrvHfqt1xH2EvL5;112kTzN5PXMkd5gYZWgNgkaYjM7MR4W7CuqE2AKqWnvDoxwNX5xY;11GkDAdUzB7n5GAKVUFqP6H6BVGwUCnSTe7BMevfAsscACQvzxw;112KKUmZKGU2m24G3pwAMxhZH2eobtwTP7f7qzQksqUTHgfhtvVq;11AwXVVAUYWCsbEwdeYUTrq3Fn8y7C9AzmQNWivVr75WcXsipGA;11Z4DPuryBqnKB67fStG9e8yp5c3nYK7ZUGxUBXM7WDP3VQdBaj;11dqhAUxm8VmfuL4GyWDqYhZBNcii8tUXjdtLF39CuvzNJqsMoD
112vaGAZHJQKSoD9MUnRUuSSXKKr6WP8EZdEHfUL3Hj6LuMtJfh3;112DkhXa2pATTWvRDdJHmLa4znodEToLcFz2g5WMXA2fYVw7925T;11EvHibq4uNBJcjdzj2nEcBapqS4RVmd298BnrvHfqt1xH2EvL5;11xinLjKCWVgSzx829hKMavoibVd4mtiY3N2QujvrBiP8zcEmrj;11iaWmYt7ixwXqbWkCaYf5b9tS24GNy7Fq3af1MSNkfGGvKVPX5
112va5tuqW2cio3q7ANEh3FCYGKiCDCsXdb9NZmSZevC4NHKXhgJ;11ckWnGJYeH3Zkd6hydmVgKeT15SqDR3jB3kHcdMiRovwngYZaH;11vFGHukqfV99koeyL18XvAMQ9HeqSNvaqnXeC7Loa2vuq5oHwy;112qEzg8oETMaZrVZhCJvMi7AZx6ia7zVd4CFoYnt58mnhKNxQaQ;11EvHibq4uNBJcjdzj2nEcBapqS4RVmd298BnrvHfqt1xH2EvL5;11UXJzt7tUSSHicQxz5gp9aQMn5ECWr54wdd1E7NbkEpwdXgf8Z;112G1KhXpvMnPYw9ze7VsiLizG7SpVU81zFXyt2bcZBQwPS3Uh4L;11449wCzLVpUMDbcWVAXwfMN9KZCgftWUFr3UYK4Pbp7hMz7Qyf;112QUvVwvwchEJgH7TYS9FmGeS9oafF4ZKXNyCApFp4Lgg3go9mo;112RM19MFJXHnNKpbMqYvNynWk8pQHsnwVuMfERGwKTkCmM18yrG;112UgNwjVmp7MGWdrreJvpa36TNzp6iHJ6FqdFMZ7SG3VuFV5UcC
112vYtuXDVuoWWu5UDhzLGgN9geMbYFTs31GBZwvcKJtmEW7kJqE;11ovhj2aCUYdT7DL2ZG9Qt6oDJ9FTerQzRtL7QYdYiEvSR5Sw1u;1127MJRJSKbnBrHRw9x3e9yxzWMeWtcFM5NsZPf6bsYYBAzDpETF;11Fn5mQ3crYPSZ8FKRq7ZkWmnpE4GjPjaHvVpE2eoaSo15aCJGe;11hvyMGMh6rgdiDDvzmtvTJaNYoyaPobi8fUEJKrvb9PhuVgqBv
112vX9NYR1HCAJsRmBQi266g1Cir9FyHHkLyqtnoDSYL1GubRsPh;11SToddDZxXLAHaYxYDKZnmqdDMfqY1WLmUC28oGGQKHkD7Pd6k;1126WubKPpmEW6uCgcuXMfn4tHEp2rPr9sCrR9YXj2Vvg4gL3QC2;114zRc8FTZR1Tdjo61r5Sp1ZHqGs5AyeAqWpNYZqDTs7CXH9Pu5;112L24Trxnk1k72vs6NpbRYTcUSReia2ByzstwDUDeRwKCHBaDGS;113AMeTr2zduKh4DZEeEGds6DYsEkHEQU7XnBU7jWUqSRNxrixo;112C9HAhw7dueztZzrmeSS22L22p8pnVkXZ2Qnh8xVbqtnmGgW4d;112HfybJiG4eDoZkqR8V5djgrK4yc1HhKbE5J7uyD3v34scuRp5G;11gQQknec6vuRm8exJU4UG9pyT1e1NXr6yZV7sjPdCwvXaYCJBN;11Fn5mQ3crYPSZ8FKRq7ZkWmnpE4GjPjaHvVpE2eoaSo15aCJGe;112cN1U82HCb2BN8E7XgmoniPTurcKg97WnJi2oXDupSMHpgiDid;1133kY4mRzMhVuit8DrBvjWxCPD5R247tiuiipYcnycJomYDStT;11stB5VNptEF9CeiWQD9B9Pkgkeoo1YUCZiaZGhV6xCT9uTtnRn;11PubU872pQEfwJuDZv5wyGurW83ETwNsXwWvPe6NXCTwdwAFVZ;112qr7SEp7yr8PmYqAcVxLHsbHbnG18g9BY96euhamiJXFHGEecv;11iRFn8JATecHKQLvADdvg75wXvizLo1wivuefC7gMd5vjcR8p5;112CroFGtUQ3dApFcxerQTcwoMdAmBKiijUuZDDd3S1cqjToPNGH;11d13u5TospVvAD8pGCYNZR3GrEykB4osswni5fcXnonfHDSEpG;112PtMuug7doH2BwtRJPWMm5j734K9N2N6CiHu5EGhNyHUQSCf21
112vLZkqJQasir5oQZkcaLmJPQirgqKam4zZ6Rtaaohr47q5ScJA;112m2xBHqhaR2MS5179PtbBzTCVt2PHSKeTtaxTx3PpQrraPfLzj;11287dXrm2atMfU9S78cwVBR456Wq3w4B3idurqe5ABP3RBEyzo8;11RWR8CfCt7YXCdttFuNGFvDjZVxoh4FrSrjc4Xi1Yn4igykzuz;115d9v37AgV5CXMY31EsJQuVmnrMT6Gd4NAY11aLfD1FXsC1stU;119Vvt4kqdPTLiYXwFQJ5NkUSmUoMLwqrjD2DPakGefK6wt9hS6;112CeLPsogcniqCDPPj2MtUdyQKKcYEaTMkXrMp46UGArTionvpy;11Z4DPuryBqnKB67fStG9e8yp5c3nYK7ZUGxUBXM7WDP3VQdBaj;11bBerydgASNH3XicgY2fBrXFssrEedPCaiVuSnLe635W1sDau
112vHYHXQNm7aVFAtjCVyqnHYTRPCKEib8uMUX71XFHPjDgwq4MV;11VevcTHzGT5rDqpMfFHVNyhi32tzuAAo3urAnAweETmTpB9b3T;112QUvVwvwchEJgH7TYS9FmGeS9oafF4ZKXNyCApFp4Lgg3go9mo;112vX9NYR1HCAJsRmBQi266g1Cir9FyHHkLyqtnoDSYL1GubRsPh
112vGmkfLW5hEjn8EPmysfaiqWeDk38P2dn3DzpxN3JTFBNEv9xJ;11XC5VxSHnB2v9B8Kx3guqwTRLmY3hfar3EALunYsJMoT6TKJxV;11j5RuvypXUraqU42RGxLuMxdHqsexsaurWWmvWgEMSmgvFbMg8;112t4wHfSzU8QApmAqRJLQQWW95cEyZrF6sJpzdEZwt9P6vW4rn7;11vPA1Le7dTCSLqLn8c1Xr5wcUkJpn1KNsLwGGcWHA3fJ2XFWTV;112jd54g1mNnWHqHZddoQdNxtQMLWK1UCNPCHyipuU1TbcyKbaLE;11e2F56eaRgNgcxmv797C1Y4d9Re4rUiDndQ8jgDUZS8GSGfgc4;112uZah3X8sMFQNHnhsAyiJLBeC3qxVLsW5CKUqniysKkP34paJL;112u2jPqMDCU7SouyerTbtSR9LNiN3k6pMncSNtCEU9GLWcRKcwn;112tXXwKzBciMkz63XXnFD2qk8kSeHrBLqJ6rDPSx7oSsijuz4bN;112X6QyuDfEvzdRBvXHGzsmhjGKWB9w7ro82zecY3PGErT64G4nZ;112dvE3hb7sgzcCSdMnBytuEpH4JhjiBQyepNRBDHtYy4ApCa3Nw;112VMA6mJUP9LUKadWvfRNgzZ8QTZf3Gurs4B28fXg7Xx4Tms1Qw;11dBgizSZuQey6c4wkGm1e4wz52NSh8ThQTB1aR9pQB3NuNPJcP;11tzbiUGc6ZvSpXiyTwXLEnDdRv3TRv2RpXiTNoH3tqbkaHxu3n;112QUvVwvwchEJgH7TYS9FmGeS9oafF4ZKXNyCApFp4Lgg3go9mo;11EToFyGzWGsXCF4ohjcB6tUC13ifXaoMcagPzkrRkKiKmwC2uB;11sAaGTavNJjGgpcoRL5GQACTbWQq4zvftgrZwjabMqJRNfyZn4;112XWU5fW6uFtwBwxcHrpKy3wcdzQEFCN8KgwvTKNrHzECEG7fVS;11zBgC3QXQsatvd2Bfh6RNiYDr3aAcj949YN7vV4gcGLpAzVT9p;112bRLZ3G1kjtMo3AiboNSzTfiL6Koj9mzhm4QDZL43yDvKdQBnn;1128tgse2uFtKtSpw2ZTKwZQpEyTf4JfrRfFRdAz72qbnoeVimwt;11yS5WUMsJSDXpnW3kLDWuJbT2J5JMQJTk3CBFLLZaJkC2AoGfk;1125AD26j9xqKMAwoc9T4Z92fArC7YnRhv8YQFZbumN5ce81KD8Z;1127iQReFtJ14xa5doXhu7yioPsx5FGVkCFDBGgEuEMtyV3J8Qzn;11kjDQr1S7rJd2vnJvp1YgDA1tccsKY59izy6bDvEFobV2FthSf;112BmZ4voxv781N4knDnFW5q8ZUXhLNCL6dpLyP1y2og1zJB1sbD;11MiZnKVhrGS5Q8YvDkaBteBU175xrZGnx9D4qbZyhapGrnbNUe;112Zn2yKNZzm44PAzdWtEn65wJmiCp1FnMk39maaMSzkb8FS3eXq;11SptkLPupUH4b4XSFzc43MEDPC2JWxUxKGq4F5Edd5gytE7Vma;11k2uSfFtLnGbaNNJtjzJHwh57di3NCzxCSmBHrn7CGKJ2mGmut;11B22AJrYt3bkDm2bzibwtorMGV69nKq2dX4Px1VfjkkhnPeqmY;11hhikvgGo2NYfD4GC2T4MUXwFQWiXzkvMxR1QGCq2XjkDSvZ3D;112wKctXj3Bim3apqyX1vtLG6zqKFbGJTwGt9R5qa158ZVnLMZKY;11Phdndz1hxYouUs5sUNE8C49N5JQwfy61ChFKgbS1aA3CfQ2h5
112vGYRjwKHW5Qk3DKfh2QzJiEU6iswjtaCCdozRcQKVrniMUhCj;11EvHibq4uNBJcjdzj2nEcBapqS4RVmd298BnrvHfqt1xH2EvL5;112Esp43hPJ3Nb3P5dG39KgRNpAK5DZgqV3GDNuNbMujmjQ2yMdu;11Fn5mQ3crYPSZ8FKRq7ZkWmnpE4GjPjaHvVpE2eoaSo15aCJGe;11nWcGZQZero6YjRgoSeEpBfvfKozJBKRXN6a9eMo3C7YK8rDzs
112vGEZsDurK8WVB4jVFdcjeRgZfaNm871Vqos9Bb1FQ2CmUuw8c;11ssVjtNcqHvpzjuv7CRiDcGx32zLA2doh719kgTwxirPN3ohNd;112XBoJGc3kwroDBSbtU9SqTEeufHC7sdk6CsgsjJD6ZskrGkPQ9;112tvmPggZYdYryzngZdCTgYS329EBdA4aWQ58BkMZQjzF7Qaa3q;11NE14s7EpvmGHupBAQJoaDuZjfKdZsgsyu1jFDE4ifzeLMBYee;112ncaeboQvEcLgsuDjukHNh44LaToX2sUHFhA7djnJ6gk4MRi81;112M3az5Fk4Ymn64ekB35F9SvBe3Vy4M7AMv4JboiyC49RCyeR84;11qN1fRkrYv5gjbY1YTLeee2ivk4H2g4pKVNcRQmGh8BvcTwQzG;11SyLYUxVs59iaSKpDLPUfhw2aWJLhozsQLKVmJnfFQrwfT6NAv;11EvHibq4uNBJcjdzj2nEcBapqS4RVmd298BnrvHfqt1xH2EvL5;112wXzUYbtpF6GCLA3BUkG5co7gvSDhXRhpbSHfSqZDHEW5Lr2uK;11TLXrb3rEP6oc1mkJwBhfHVjNTjMFVmtRxRp3uAPPnk7co4Qcu;1125WwRshxVuGdHywno1p1JoQQF3GMSBjFnoRkvGqNSRobY7uxsa;112JKTnrqFik6vyowT9j7u3wxs9NANhAzjcfwjjAbPbLCzVsHwJj;11SvJSGpaxSgY2SerweEAYz7xgc1jZgyVUJxLMFhgmVetKnTqhq;112KjHXZ6dhKg7mNePp2PwHr2Khs2q6mVb2MXXZr9J9H4xr24VCs;11EEMWodpWqZCSap8TfnjhomR1Lu2kE2ernpWZcfiv4VZdsytDG;112tF9k7nfNmuJ8j78QYNyUjFqFui2zxsJL9DTKvoaMDDJPShaKG;11Fn5mQ3crYPSZ8FKRq7ZkWmnpE4GjPjaHvVpE2eoaSo15aCJGe;11ckxdQsReXpqwCrbbREZj6urEuNEGf2Zk5d4UnsuPMsJDSihwy;11ma93aGA6sUFuDA2nBiXaQoByxoy8S9nyw794JL9Ta9BuETBVs;112CeLPsogcniqCDPPj2MtUdyQKKcYEaTMkXrMp46UGArTionvpy;11jTLidDRtMpRcYtTc793c7yBCLADB825XxYnWV9LnMZSrgkWQz;112EAhupNSYwo84WULUeNuxRe6bYGVDF8BNQwMsMn8yVTsH5ZpAp;112CFDoU2tDHasKX4AhC8bejLbENH5msww3P5pPcbXrVM8grkDcn;112eUSGWJGzrm5FJFAQZNEuRWN1gDVTTMjmgU1ET7EVnxrfTpJ9S
112vFa1kP7tKRHZzMiT2ynHJ76abuhw3PFMdCWqAppdi46uc9ZMg;11BFuT32u84Zhg5QeGcWdvpPsc9pXx5PQTuUVGRLpFX22v1Mw4D;11JvWMzxgdAuA3MgoEEjixWrkZ6NkqoigyHvQDDD4eJ18ucwEsj;112SvTB8SnZYNYJqob5DadgHMoinKe8SjKXH4MCa1oHwdyhT1zfd;112qgg5h6etN44WRzAJtkCvLafgUQcLScLLLwyzciCkRj8AJbnQe
112v7tiyjmvuzDN2b9Vxdp2s3VfufJpYqGZ27kBAm3RahSrWnmZb;11ojaqGejvD7qLfcKEdbYD4GAypYzmgM8JZV1GDtPimK1oxbwGj;11EvHibq4uNBJcjdzj2nEcBapqS4RVmd298BnrvHfqt1xH2EvL5;11SbXuHjPDfCBTuzjPLrp9aVqMMgZrNfmHfpezFRLLxcMF41Q4R;112gKKwke3d9u9EE3f9tHHFGg1iXpXAQjddkQvLy8LV9VXR9HD5j;11227jhyvP6AKJYtdMyhxg8EJkCAcofkRnx853hoiqh8oRVgsnjH
112v4xwGq2XbM8YA47gqgWBciduDdWshbQeYegd1n8nVxUfYS3LM;112v7tiyjmvuzDN2b9Vxdp2s3VfufJpYqGZ27kBAm3RahSrWnmZb;112kc4NbgXjrWcLW6N537key9hjHFjvG46iXKciP5nbM7SpcfrWT;11W4gCsSFzQoMU52TB29PuHPeD5oYXEQu2RyfNyqatCB4KYT1D2;11c6vibosQFRSFqVsSFRJnhdhLePgFJjW6GULooFJ4rpAHygrnM
112v3P8fDgTaiCTvRVEyNnGb1RL1icrotysuWTDTNv9oTL3iS7pu;11BCBXQyoaqMSGAdeKaRgbrWqahq7wYaMfdMkjYBh14RYJgSqKG;112EQFFZMNkkCBJtBFEZBEAfPCe6gq7UzBR9LUeCVEBhVbHMMUeX;112Esp43hPJ3Nb3P5dG39KgRNpAK5DZgqV3GDNuNbMujmjQ2yMdu;112DAcM3bjbQcgNjnAKDua7Sp8vLQeXvKyShuHcemvjLaP1zHnRH;11MiYVEBjJxNr6EDo4JB7N5pjd1A4k9zGDhLV5RMRHrmVFJYv69;11KzK5ULyeT68N7ZdEPCpnWgqbST9zoXxBfxHHrHUpbRVz5Bb4f;11bEV6kzvqz19BDadu3T9CuE46vbEMTVq6UNcVPwFPA5tV8FeCe;112QUvVwvwchEJgH7TYS9FmGeS9oafF4ZKXNyCApFp4Lgg3go9mo;11Bw4dyoFDWQQ8RWW1mLWJuzE2PzLZunfZ8tZbGtfCuq78ZKEXE;112P91te4mckLSn4ZUK7ryMWVjbzBxLkQbeDN4YUPHFzputXiji7;11Fn5mQ3crYPSZ8FKRq7ZkWmnpE4GjPjaHvVpE2eoaSo15aCJGe;11yGsDofXFtvQjZC2RgtbHDzcmMEdqqL6g4kdba1x2qiFmHaHTM
112v1Q7XdsNNs9LExeaA9m7nJkRifwGax323npS9BCUr4P2bdpZT;11EvHibq4uNBJcjdzj2nEcBapqS4RVmd298BnrvHfqt1xH2EvL5;112GJjAMxrMLpuCoiTNbh6uhhtNwBTsFiZqDSb15bN3AEWNwaAqw;11NM3q7KxawDQcCFpQmrBspKADdFy4ud38QZkQcCYtvhfAB7ssz;1123u39w9YxtLGYf6ph1a6Q3tYdt14CYcoosJrrrcCEaDGkWjxfA
112uy3hhxe3wGq7RUM3qckcTfPpLG5e4x8GBG4YJk3SNLbsMnQ5d;11fJYJnYNDyeMsUxhmr3Er44zcpDMoRoJHTf6UcekEeUtRMCwDD;11WNtd5yZzS4wfPosegAExnmZuw53NwwHiGZap3S9ha5srDh5Np;112heFM685LvRN4DudJf164XSTe2tACLYcj96xJq9cwjKtPVZz2u;11Q25TQpHytemat8Pzi3seEMQFmYCigK7ETTHVbdXgatD1fUSQQ;1119xS9jwqeAogcFJKjAXpFHKAmcqffjkqMqWCd1k3eP6xJoQZv;11mrv5Ff3zvwDV6c551ZWGA92x7jcHXpxavu1u6XZ5zWnRJGSoC
112uxvcQWcdBCgYkCPZGZaX3Fmpe4Xrx21qBNFyfA7YyEqEY6rbm;112BSooJhYnd5otQdL81aJqrmL4qgZ2jqNSFmXHASpsEs3ymnN3r;116CwGdaqB6mPFYKgWLe7iycP1T2nqM9BAvEecxPk5WVwMTYeUU;11cj67Csn7o3JrE16KsPGM2FYfw2WSB8Dk7s1DxK8nn8TJ2yCdY;112tvmPggZYdYryzngZdCTgYS329EBdA4aWQ58BkMZQjzF7Qaa3q;114w8nVcR7jFwUZPASHCiFsQ27xX9Pd1efAyWr7tFm12CwPLJ3N;11VevcTHzGT5rDqpMfFHVNyhi32tzuAAo3urAnAweETmTpB9b3T;112kAVxCygysodiPjM6pWcTHwzSN9dUG1wRxfnYoAUXfrxYT6YGq;11c7UvnrBjphtmCC4jWUn1LiZ19MnUGcvbsFWPr2KLBuiBAhgLt;11Sb9GHq8k9aNi21fPqfgxgJxgjAC6foRsCvcpQdD5CGA1w9c8W;114sDuKq54vF1Wtvvdvd33uND8whxYGvqqwxYciYkCWKR8Z4C2w;11toRRwaZ2Ngesvv1Uvk8wMqtA7NhszTeGWtQRaecddTMiFauWL;112C9HAhw7dueztZzrmeSS22L22p8pnVkXZ2Qnh8xVbqtnmGgW4d;11SbXuHjPDfCBTuzjPLrp9aVqMMgZrNfmHfpezFRLLxcMF41Q4R;11DcQZ8aE3TCxSNdeXxxuQ28Q7C4Bu97u1GdgxGjRzywedyrQbh;117ei8DWNjSFuLgg3BrtTNSTi2tt14LRUFgt1Bk2kYqkHWrg82c;1128BhJnRTR582Sy7fTCo4YXBG9Az7jZc2vFYMZjJFbALf3vPa62;112Z1jmXjk7WKhMzFH5fLTYMcuCx2bH17UPuPyERXLtCB6ZEkBvd;117z9U5yj5S4TyPBWxY3GLaGQraYFgSmu6fquUsKTzvyz6cgBjv;112NWnxeXBSrFmQgpCDKYvkoGTtTsyD2uy6xDV1yEyT21vQ7C9qD;11ckxdQsReXpqwCrbbREZj6urEuNEGf2Zk5d4UnsuPMsJDSihwy;11knHXfj4QiwxtSajc6D8FQzpDZFCEL4Q2cF74K7Yu8Lp3pCXXu;112PnQ8WdzMmWsShD1ctwrFtcfJqpaCzQfRjWsiw4cwTBFWZ78sy;11ZrzEd7jHLd5q7yUT4zyC5rSs9FMnpiHHL3SQGGKAtR9aK1H8H
112uuSszttRhHHQrcoW5uxZ4Ujk97cpkUAGd6NzN5du9oWbLGMYM;11EvHibq4uNBJcjdzj2nEcBapqS4RVmd298BnrvHfqt1xH2EvL5;114w8nVcR7jFwUZPASHCiFsQ27xX9Pd1efAyWr7tFm12CwPLJ3N;112BRriSTjqh2rz1by9ir8hnnmvTCBHPGbe113DiYoFjR1TojKbE;119Vvt4kqdPTLiYXwFQJ5NkUSmUoMLwqrjD2DPakGefK6wt9hS6;11pQUXoPdWyi9ak8VvES54JqLC2sdhE3bLNr77fdxWeY7YcDAqT
112usvCEzrvfZjogoQtf48qQ7vPqKFMTmVVo3ji6YgGAa9mgLrQU;11mC2VCfCTqjMZYStLuBJ2y4UugwCnmmfXbAHKkTSexVGvmjg3w;11c9Fk25MpLEQYfbip3mzuHVfX8M4vFgKU9ZUjQEU4uU4cGVED8;112LXouLp7Jchh7mMtsuEoeYPzwj5J6mYbxtJgiPqoTAbtPCAWDa;112tH2Jo6D5aeV1xGcmpjbAC7FrVimDMFSuhVwMNbUL7FU2JTneU;11ji2NqbRG75YbE1Zcmkeeu9L47SwqsApg9gibTaBcS4rU7t8yr
112updThAgpVS76hTtvNDEy9oGpxR17JYcAnWvoo2QwheYcRS3gu;112erqoTZvrrnPc5FcUNfRBS6PgdWnZXQx1WoNpt7ydEKNHYDzKH;11EvHibq4uNBJcjdzj2nEcBapqS4RVmd298BnrvHfqt1xH2EvL5;112mBp6av2P1Ko7aXQZSSBiZLPxi9dP2YL1E1M8ysBx9MbKPR4FJ;11HRNog3nnMGRAvqkw8QNLUeh6xtq4dt9hSKGfdXekNgniKS7q9;112Uayx9MCuWy1b4D5nZSZnwQLheiGBFZ4VZqNFEZEFrKGBLFaBt
112unuCJNRrPwodwVJV2fz1KjPxL7FUwdVykiRBG7ZJhkjTEtpPX;11ntobnKKmScWxuWFvtCZdJbJH8k33AifaNdyDXELYBoQNUo2jX;1121jJNr3t6ZjfTajGnt1fH31WMoKQ8vBECeKezJexQzJrxmCkCA;11gDeQLqotxp1Ku13hUHaHubuFJQRAYbNRMiY7bSPtgi86167JA;11H9gKfNPTSmT28hx7XupxquuxUhkC9rkGiuXkSJ1R73KxbGfnt
112unYuXQs8MPE2tuWjk3aKt5ouFVZAgjfpVQkmChBWEQqQZiDmg;112quwUMnGXkEZUvKSyJUKnYHBVsG6cHU7ZkSm8A1kfRmJUnw7X5;112UB5uCbF9Kp4MycjWCEZk4SXSd4aUQxj3fm5fC4ziDsGEEGYtj;112FUXrQKy883rNW5dTXoLxKKd8wCwurcoidnscS2XPLJ7Eku1J8;112phWRdYA7E4fZw1eawVK86sV9meUVDpztkFgkFF1A3LWUNAGnz;112tfMD1CgqENhXksdKqrrtn3dSczUNb6u1E6t2mQD46wLEGHjhv;112E6NoXaRNYKph7uamexGWQm5qXkv7c2RnFJwq7zSxaKDvH1UbT;112sY7H12Z2wmYJPRMwQHzfaHUwzCU9NGgtAXSz45ix1vRcP5Jus;11pCw8bVXr5Ap8HNVX4VRTK96XpPghLDVfTf8BEWBnxGfS9eWv9;11ymXyta4G6DMrpYVfWgyvSrFBZ5cEbkc6CJK5DsZvUX9cPk538;1125H31qsBackYPLiYQQYHvxi6bRxzcfjRK5aJv1gA2ZwKb7WYL7
112ucXwiiR6i6zgkEbfUHpFtggivB4qKx8EMjAG7ZSJmhTrRwTA1;11qx9UQ34oCSSjFU2UvCjBWeUjy3XAmLfzrEmLEcCaC8cGSfuCz;11AQm8R6MKAyx3FTBSbDzW8sy7hWKR41D2hsUgM6QezdV6R6qMc;112L5sTxdkvRWMuUsUGVB3aC26PZ8PCDQxApt2c3YhzMQsJTz7sG;1123nBJiz9fj7w4StTCyaxTKLDQTH1YLTTv2q56wUxXYuNvGwEcf;11EvHibq4uNBJcjdzj2nEcBapqS4RVmd298BnrvHfqt1xH2EvL5;11geUP3NgM8pcQbmeY76Uzp55UVEtE1QU2RrdeDA3hNBRdeMgZH;112K96Nt5GBJV47fdegRRmeSPGtJ2Fn2x5HPHrTqGKfTph83EuMn;11jYbNLTYd2yt7aA2meSxijXu5a7XohH9LPURgEcE9tF7cSMeMP;112VMA6mJUP9LUKadWvfRNgzZ8QTZf3Gurs4B28fXg7Xx4Tms1Qw;112DB3u8zXbpuFKCVcSKy522K3cCZ2rAfi5r8SQpeK5q5b97nB8z;11449wCzLVpUMDbcWVAXwfMN9KZCgftWUFr3UYK4Pbp7hMz7Qyf;112G6YpBZEdgx4ZzMF9y3hrPR5kxMt6pYXSbDMBDg7QE3sf4wum7;11Qg88VmPkmv2oZggft8THbNhMKtnhUjBVPFJdy33q64GFu5JPN;112tbHwTqDZQMt3fcmDvKRRoq7Q4Ae7T7R7Cy7VQgDQU9zEiZJLf;11FFGJ3t5QFXyDpVC29g5wKnn6WBirjdPjDU3ZV5zRs8U4Mg2mY;11JyZNEHM2qtKznvJStLAzPxJNgnSZsQpXsJegYqm5UFUcJgzdz;11hhikvgGo2NYfD4GC2T4MUXwFQWiXzkvMxR1QGCq2XjkDSvZ3D;11XHcmMs52Yu57g7Lyv4vHbAdfxVDW86h9LmNyYhBKWSQoanyCH
112uZah3X8sMFQNHnhsAyiJLBeC3qxVLsW5CKUqniysKkP34paJL;11JJzV7STuCHfpp13QgNmuLBaEcDoTUZA4qLvhxWeuP5d3coTRo;11eCXQLvYHene1kaF46dp6SzogrqjYNM3s87Fyput9RE6u4Mowa;11EvHibq4uNBJcjdzj2nEcBapqS4RVmd298BnrvHfqt1xH2EvL5;11BumD7VTqQuZyUpozgtf99yVZCreZNHQjLHdVZGMivpXJRvzbV;11242zWq8wQzGi366xP9781e67mFtd8gerA5ueeniG6txBSfG56e;112mMTmB1GxrFjYHnmacLQMTBEpm5tuQoGjhDVrqPuSuTWZ195Ao
112uVq4fqzRLSJDb6yj84Zm2NcbghkDDJzYT9TZhvNLznM6a3GUn;114GfL4P4fX7skksh5PT6GH6ThjmgvvLeuUeYtKQzsLAC15GpY9;112CGr8XwCuHtD4CmewgCWfz6ttQaRLK5Up8cjoUng37zpLN5kbi;112Sqo6uQ4cy3iu1LHn5ALG5SUNC5yY1XkTeR1kqweFtVv7ELaSy;11Fn5mQ3crYPSZ8FKRq7ZkWmnpE4GjPjaHvVpE2eoaSo15aCJGe;11gQQknec6vuRm8exJU4UG9pyT1e1NXr6yZV7sjPdCwvXaYCJBN;1124TWRMQ5c5YR4okFQnVwLKPk8Ttnn4nU6mnMM7YJCaZuMqPfA9
112uVWq45n18AQnCASMpTiAsMcQvE7oqmtYji9FHab2yxfWsbmhX;112p9w8EWEcpweqbhgXivF4b71sN4TDZDRxMQFJpd98QX2RZnHZA;11EvHibq4uNBJcjdzj2nEcBapqS4RVmd298BnrvHfqt1xH2EvL5;11wF4nkymwGAwpS77hcvgJtyoDHvx1Eu3xZzxB6erYcsqxprRP6;1128fVCkrEqFiCYXXaiKWgM6fj1kMhVSHqG2CHywF7v6iiMwzd1A;11BoHRgJQVwpEwFF5p9UAbtadELAjUQw9y47coNUFpQfUePDzyL;112WuFRRMKteqEWeY9d4JJh88BP5YPkoUzrh2pbfytvx9fGGUdvT;11J2ZJAK4V2ZenpAFLK8SbPQnc2SU1VFu72a8kQSWjZkEYgVn3m
112uRR5Vhz1kBW6c2Jbn4wDcokKibUi3NSjLwDGnBBHFuwNYuidN;11qx9UQ34oCSSjFU2UvCjBWeUjy3XAmLfzrEmLEcCaC8cGSfuCz;11EvHibq4uNBJcjdzj2nEcBapqS4RVmd298BnrvHfqt1xH2EvL5;112bhsG1UkXN6xursj74tDTJRSNhDbahGFzw93JuZDLdCX2D1HyL;112uJB5p73fWVTz6iMGPCFHBhUruGZkRGY1Ep2X4KFYiq8Uvsup9;112m8NxJahiv82CFA3oMargrHUY7WHuUnjL68hHHBzXR8rK6qdrA;117eqV4pjt6gvAMEo2RjK8ZLqRdkGwHu1JpTs5Ysot7A2BcEJST;11faR8CYoTHBYPuyTwANGwXkeBhtL8ooZYHA78wWA6K7M888Cz;11uFX55EuNJhPZEjWeVraUW6CCcuqikKFDufbbZ1WPLbuuy76Sk;112tH63a6WUWTdX1d99szjyj31JbGfasG6mrBfwCUX3gdTXMHWdR;11Fn5mQ3crYPSZ8FKRq7ZkWmnpE4GjPjaHvVpE2eoaSo15aCJGe;11oWPpzz4xnE3pKDUgyoJKovqzvfWanKKv5iVVqiGvqzBW57cAG;112WuFRRMKteqEWeY9d4JJh88BP5YPkoUzrh2pbfytvx9fGGUdvT
112uLExzvGtqoPtjeyuhzuA2HrukMR4dbEk5PURzbMpKPBGHGm8C;11a5gmGk52BpKC2EVkzbHawaDu6jSkBxJ6FUGqVwgwd4D85mWix;11eCXQLvYHene1kaF46dp6SzogrqjYNM3s87Fyput9RE6u4Mowa;11vcVkxsWMVB2U7ycFprHiztmfRYZKx5qXVgESr38hscc83Fh3f;11EvHibq4uNBJcjdzj2nEcBapqS4RVmd298BnrvHfqt1xH2EvL5;11AXH886bySx8QeAAAWnf5UcBxBy6dQcmHpaTr9u3toy4iFcWhg;1125WYie1fJv1pGNKKbp2gXtrsRvioyENqHj7jGw8AXx1DukDLKt
112uJB5p73fWVTz6iMGPCFHBhUruGZkRGY1Ep2X4KFYiq8Uvsup9;11QgwzHQJpLYNnse7zyHwxi75WXWeExRJ9NcGqwwQBuaDzmrXpK;111LsqyUrFUWLeZmzMbcMZZTX49Ao6VYg33PW3CKP3HiwcV4MZK;11vbSMjqNZt3PsW8SD6LbPaZC2tcNVupbhma3eCx6UPiZrVGarY;11ZAccU32KU476FtrpUTYv8BwyGTyyW6ZXyr1W88RukA54Qqkuh;11gq3Dhtsy1cajDFNjGmdyb8xoNwsGKSZ6pqaVkWhNQzvwCmJB4;112S6ur4jpdEB9cr41BQAqXbVj2HqbnDsoNF9bMGNvfNz7kNSMaQ;112sYLqbQwZsxLVqbotB3AXQRiqPjKz6KNKjrbopzRuqVkMouYNg;112NpqyB7Jq3SrmG8tbMwW6rwic8ftpkDFPsechdRzuLE59QSNmY;112mbiFRvoxvqC6eYuqugZAT2dGdPvCAu2hSandEb4HWwbWME2Mx;112j5JxUW6dhXh1F6nDiUSgzaByfy2edSJZoXNvitMiwSsinibTf;11vnQpMZMTS4hoY5Nm4FzTEAK96ygbtPGP1ZLC547tcAoHGiRS7;1124ghHYWFtbTxPUNDSpedFcXKxdG7eBFsmZVjtRk86mNH5Tktg8;11449wCzLVpUMDbcWVAXwfMN9KZCgftWUFr3UYK4Pbp7hMz7Qyf;112p11rCgEZkmHfeqR9SoJeYuYWm3Za3cndzK4QY4iKvVgnbKnPm;11UA6Q7mieFr3URninWhkcUZ3QLPuQkQuCTNmkjrs2Pdqm12xeS;112ovfKByu9EvJGYyJwMxUHEEAxSwgxSMGT21TjRUo5jfPjuHoZH;11F69MvTb5WDr4Ltvmy62barZrdsiC9EwnLFr8Rmd8em1Sk3Hfb;112Bi8643qcKBtV9eoFWiM7o4v98jPDbuTicMD4KDoCjztwhLRZF;11pwevpUdpmX3A8sHgrKgnhE1m6R5gfsXLPE1GBSE5By2uuL3WD;11Fn5mQ3crYPSZ8FKRq7ZkWmnpE4GjPjaHvVpE2eoaSo15aCJGe;112S4mU5iZDvphfvEF3N3Gykgoe4Cm7jQSkrwd5sRn38Vz3CXXtd;11faR8CYoTHBYPuyTwANGwXkeBhtL8ooZYHA78wWA6K7M888Cz;112pns87mPMw55paDQfZnxuVp7U9K6GV719xUnJD9PAfZcYP8X9S;11obWvVfpfTUdCBA7hV7VnpmYSGH94ziih5fr6cwrzr6vYuZT8o;112GCnWP6GhsV4XBPBZk5eVrmZcMhh77hqwVauUtcM9UZZ3XHERR;11w2oP5pxsMhv9FTaAhm21opygxykrTKgXzQdHNXScwTXJ5GD4y;118xrqw8nuZapU8Kkghcj2FSSTfiawwZYUyVZpV5kcX684ePGZV;1129PDoW8AYSsoFbatq7dwKpm6yJAWi9HYzWdUVt8ubEa4StY49d;112D7jXUJhDBP6GNVhJBG72RxUu1u9aaXLPRv9Tcc8kuEY6thGKv
112uH383TwMphu7wf2BfeZvXXL6QQdVcxkQTxB9mT3tfu9KVNQYQ;11LC2Et33dXYb2C2bwkgUbjrMiNYoNhAiyXt2MPUwsZPuitDgEv;112heFM685LvRN4DudJf164XSTe2tACLYcj96xJq9cwjKtPVZz2u;112n7jw5oysSPtZPM5ikxWkxi59Vt256a2MnqcEaayGcTwHFPWGM;112Fqu96jcMKBrABvq4sq2p1zWEttma8KywHDdopT1AkPnJLmxnk;11vvLRE4eEAJjeTiCLvcAAz2zACJs6dSKZdoARo41kddSUJEsJ
112uFmDFKZKdBszE5kKTN1WHVB1waf7UxsNiuoot2K6VziGBpias;11wMKmWenkzJTwqim4DJVg7g5NvQ4PjzFbJ7K3kXV5XLS87XD54;11MX8kGXjH9RJpK5yDAjBU1q9Ey7ai9xgsnwiG3wAGjVzGuLqVq;11rHiKtHKW3PFSQynqCQxXKH4sZEpZju1VJ2iNszeo6wBR9mF3D;11o297zjdgGTHzeoL62KuivVPWJqMwGNpiuYX18vAW4j8ZQKtbp
112uFMbu9bTXe9tJzuaL1MoM7UksPK4F928VmBf9Hxzc6BjRK9Pp;11ovhj2aCUYdT7DL2ZG9Qt6oDJ9FTerQzRtL7QYdYiEvSR5Sw1u;112fbeYcH74nH83t8Zzg5wmfJmxonBpD39aHs1b8CDUwGPoiEz34;11EvHibq4uNBJcjdzj2nEcBapqS4RVmd298BnrvHfqt1xH2EvL5;11272f644DH85bvE4MQ6V5uNA3QAs6FFSA7UaqAGTqN53c5x16DC
112uDzMao3b5PQaDNkSzcgoDrZ2kgHDtTqYn1yJeFbLTfRzpfohK;112fFFoQ4YCLYWN7r5is8EMhU9EmEtMokB1hdufPXPZwbbUHUHpS;11L8VnHPUo39jntAfCLD4CQoBpKdS7d6rnZRbhMGeWLqDcDrYZm;112bRYZpgjHR6v1gTKbWH9bh3kV4QZfJD3S1kkodYWtDp7QX6A3;112LhKZR6kobGdyM2gbUq4yi4cdbyxWHGSYibbCKmuqQU1DymG4C;112Cw6hQAeCV18zmELRx8rj45PyAvx6vXmP7J5giBgoz1XcWwfLM;1129kV1sdfJvHd4dTYPLxzgyAytLdGGA4F6teu8SuEYCX7bSZEYW;11gbKgsXT28thmcJfxJyuB1qgzoRB61WdbAfe4kPfMp1T1nnmv
112uAw2MytU9M1ApBxJWQYbUU9qoGDAVqRRfKGjonEMvrVyEKdp6;112DQayNtUFTrmoAPZPN94zrgyuKsqp9QFLoJQCooM9znPM4hFet;11gQAdrWaN6WVihwEyomgBXmNAGvrjUDuNAPwebj1tS8ZXjf5q2;112Sgw2sZf1BKAPqVH677a2HeE9TKYkgjGkPj7L5iLPvjrPA39hg;112RapPvXQ3FADP9Ua6wCdfJGgqx2tb8W8fa1Fmwn9U29mpZFMjm;11nCJXYqayBag8DAqqocz6RZ847Ls7JFPM3VztXGJX72tu9FYcJ;112TohjsAdHoSwJniAQq98UeorDTPga7nvVUw45asxvTd73XEtEi;11EvHibq4uNBJcjdzj2nEcBapqS4RVmd298BnrvHfqt1xH2EvL5;117AAzzBuZZ1kWNQErSaWgNpESeKpQMJAP4joZpoZKX7KGzJ8zM;112DcV1KGGNefvpEGo9e4QwRN3K7j4pNTUzjorXdLBzj3L6cuZYs;112StKZj25MoVdEEEPN6hHRb23bx8Emg8UniCFcRDWLwcwC7Ypp5;11iSNFqbtfa1A5DjegbRw2RNxekNPMd2NmUPGXiPZr162mJtQFq;11pV8CQtwo7iPTeMXjmYawLeqrJuiwZf5qcFcun8ufgqgxZ6FKE;118tc3P9ta2rCogn3fTwSMX7DSGmTsqYZDg1ozzVTUUjFzT4911;1124fVHD1WQmTazAZ7tyoS4C8PzoJGaC38kHRufj1z6g2VME2NEJ;111Mic4rrBoppX1iKsh4fq2wmDWK3oHdkcpc3ZuMmNWPhrAGD9u;11449wCzLVpUMDbcWVAXwfMN9KZCgftWUFr3UYK4Pbp7hMz7Qyf;112TN1Cdqbi7LXaKBQKprjY7LVmVyePNACmB1ewk27M8raEVGmCz;112gABANqj33585bNLBbQ91RTHSdjvPuNKsRjSDKtxwoJQsUd6tH;11Fn5mQ3crYPSZ8FKRq7ZkWmnpE4GjPjaHvVpE2eoaSo15aCJGe;11XTAPkaGXWKKfgpp8ad5ALV4PEMW4sPk5Lqt1nwWxabvaR8EH3;112bSaxRaXptnGGthehVmvGVQeDBM8yMMpTyPN2FmFkyyEYuc5vg;112Qpp1aSUmxWmL3YYhJYXF3GDSDSa8mkKNyxqmejgXCv3xqMhx;11KHwrrZakHU6pUkzYvgmxzb7aS1ToWXgPDaBMHYKNrfv2VokKv;11aZ57YaKLFqCVwALWeJtM841uLjnPcBztYDssyPkUZe8Kp9f6v;11ETx94gNS7uGPJMdacgEUzWLjBw9CSeRj16XmVZ7CSsLaT9aQ8
112uACHAeKag86TPNCr89NmVW4AvRD5xqNLnjSko5E6GgNCKbF7K;11WakYK39emoQVxv6j7eYJkkVK86Ne4tDKHMj3Crkn8w9f1KHVP;112viuJi68BitnfcZewWnE5VJtoE4rSM8Rj5JuBQiqN6wqbAxhdG;11taemktAEcQhZq9y6UxAoCiKE5PYGVPFga1d2Qio6ESDxEzL1J;112rytauPKejoiN6QwZFX1xUqRmA7QVHkrhrSBRzvXMfGY3eBHDv;11ywnwwYh3tRwMkhtbZQndZux6Whb4NWqqKr7WxNtVLEGC3n2Hj;11oMgeDjoiYspNTKUiSdMoY4EVnPMfccKomjU9cfe168EnwSfNH;11rHiKtHKW3PFSQynqCQxXKH4sZEpZju1VJ2iNszeo6wBR9mF3D;11BeVHneERLwgPyfKbcW8HtpAfDEFUV5FM8RML7L77WU8TvBrdL;112CPuEaFS6cHL1syx6TxoCwViNHmeJiS18rjDVNehTXcqFYxSYm;11nW3gEuW1dgcnediUnLWjTi1rr4chCmzPZNamhRQbXcNcWSaDn;112qB3YaH5bZkCnKA5uRH7tBtGNv2Y5B4smv1jsmvGUzgKT71QpE;11KHJW1ePkfhLYptMwKyDzn4opLc62daahbi35uxhH3wwi7p6xr;11Zk3X4ZwfS1cZ2VgHKArYFJZxPiYC4UEZa7FVzmVDms5hzEQce;112JgS5gMC5xvNoiW5Q9Ewtc3FxqQ43JNp8S91h3fxpqgDG7TjSj;11si59kEnV6nwKfcB62BtL598mpC4JgydqEo46ssp8suwp3YGK2
112u98Pkep4spNJ25d14j8ucLHDsFmHwzLwBaz6CE9ACwqNTjAvx;11zeHdgb6No1ebHMhkxYHKbDgbCjn9C87gBWfXWkDqqfvrRqSPA;11EvHibq4uNBJcjdzj2nEcBapqS4RVmd298BnrvHfqt1xH2EvL5;112rUtW7f3E43vdpTK9vgpFii8FeDRkoAJDyehMACamXpE5F6FEK;112fWZVNNWMjMBmB6C66dAsMKUaUxmAui6ZUL4LKtbtiBqkpMq9i;112VoHzQDK1fHWXRQxUVedHXWyPkK87hBwbjP9N63r3vz7oWLvcc
112u8xFWygNs6bPRGxDhqEoUztAGVK6naKUTPKSny5YHnByBEy8E;112pWTUFHSm6Xqx6PYrXZrrREz4cR9pCtA6PUB1TroaTpL1LqzE7;1127B1NQYCX9WkMZtesVz7Jso8s5a3oSaBvyw1wNmnHNLL9MZ95;11DvZivbwHVRx4PbQwAd5w2DQEAcfSCRVzsW7gjRKQ86nCEJxHJ;119YD9xQSZpu7cboqme2WRKvS1viJsxpvaYsyqcH3ndVY1breok
112u7oTrRKa2WvypxsLy91w7owdvF1KEHv8KxnK95UMDn4NZXsKn;11EvHibq4uNBJcjdzj2nEcBapqS4RVmd298BnrvHfqt1xH2EvL5;112LPKjrpswhJpiEar7ik9FRvxw2qrsthd7dTEdBirvNgudJekvr;11Fn5mQ3crYPSZ8FKRq7ZkWmnpE4GjPjaHvVpE2eoaSo15aCJGe;112sA2E1rLBqzLpk91BXd7tMDgWG1xQcEDc9DyMakQuZ2udXXv8t;1123TZdyEyf3JZxv9GL9tM3Cfh2AhwxPoc6yCv62WqaAU5VFaDR7;11hvyMGMh6rgdiDDvzmtvTJaNYoyaPobi8fUEJKrvb9PhuVgqBv
112u6FZW66wz3H22NA77RL8A2sZw7KesUSRgUdadHu78tkaJq6QM;112pWTUFHSm6Xqx6PYrXZrrREz4cR9pCtA6PUB1TroaTpL1LqzE7;1126TADDbySULa5ULP3gr2oq82NVBQPkwQJcaRym5qBitY6KURvJ;11EvHibq4uNBJcjdzj2nEcBapqS4RVmd298BnrvHfqt1xH2EvL5;11BFuT32u84Zhg5QeGcWdvpPsc9pXx5PQTuUVGRLpFX22v1Mw4D;112cnQq5iKUd7vYCoMGARhRTAhBjTgTJKA4cNGLpV4KS29kn83hi;112bM2Comn8VD9KXMYdKZYeSUKwRuJDWUJc2YbfKbDgHwArnt46a
112u5QmxT5LVrD9vdtT1hJ7bBEdqthhbbefTaNK1JCS5n4xbKRoo;112heFM685LvRN4DudJf164XSTe2tACLYcj96xJq9cwjKtPVZz2u;11EvHibq4uNBJcjdzj2nEcBapqS4RVmd298BnrvHfqt1xH2EvL5;11Hnm8BTSD9kjKhDNApTAWaE7LRX1h1hAeN9eC1TFyDv4mccB9z;11QgEnNnBK1jiWLEe3N6RBEPQaztt4vaW3P9J31Jt82FkSSVzME;1124dLWek3XVjKi6JYxM5GFeWsruqaVRwAMtZYu5kMpSERanRLA7;11Fn5mQ3crYPSZ8FKRq7ZkWmnpE4GjPjaHvVpE2eoaSo15aCJGe;112WuB2Ww4fSe3KNd6hDCLcSViu4tkQj8REjBJ1cwYTHYBuH3iQy;112DjmiN7LQLCfwbrbMGVLfHMTVG2tq9iYTkf2gdChEWkmhCooEF
112u54yFnxbu1XquDdDvD3z6ydoe7QYki9xtGV8QKTS4uH3bFeAx;11vyyzyRnjqvYxXMh7sNytrh6nbBihaYJRAREYYdfKvrPriudHp;1125PP9Pec7VZ5Uq7uyfPf5hcMz1WKrxNYBwEpjWqabRyzTtnuay;11fJYJnYNDyeMsUxhmr3Er44zcpDMoRoJHTf6UcekEeUtRMCwDD;11HJrcSgtbvVW9bBfEmMqcTckKkfCfwry9ihS3RgzgPZcSsgfcC;112uVq4fqzRLSJDb6yj84Zm2NcbghkDDJzYT9TZhvNLznM6a3GUn;1124cChwyV9BpEMLNAKgoyZWaF1fxZkWBnM3P2TYAy1h2BMB8Exv;11MDkEbEnZfuALCUvRW5BzsSY4mRK4Y8CQjYHgcgVUx8H3ew5iB;11wrXuLMd2GnTWZC5SuEnFFGh6yas8CpKVnhAk2s5gzRLoWW9sg;112u2jPqMDCU7SouyerTbtSR9LNiN3k6pMncSNtCEU9GLWcRKcwn;112eAh3Wsb5KDNGsvPuHBrTMHeAsA36YvhqsYF4jBqM8HFgN4X5g;11EvHibq4uNBJcjdzj2nEcBapqS4RVmd298BnrvHfqt1xH2EvL5;11WKD9Rd6RVoJHHMUdJWnqrZ8KUvaytBiyAwgaVDF6GJ6tkHcwR;112aL9DwUkMU1GUgzfDQh9zm2FVbgxZKR6X7EfZhAGDiA2T92PHU;11oAMJd1bpERg5eGyWnxZR47paH2QqeDNma1Ry4iGEdJwkC4hV;11289nmuTHgRuKpq1ctoYfP3kmua7NNcQnH8JoqxpGnDUh6xo7w5;112GpyyToiEm6tvbkRzJTiTkQzBcmA9UwN29XYzo1J1kxVHd7Nrm;11Uxu8QSndS2HeHtomyxLV9gC6jQVe4cYwCfuZnbawmxBLK1YCq;112o9FwvXzTnNHuX5vLEmwrCfAEtJGKQxas7ESvZiq53xLf2FQ8o;11DTVbvdXDVXAcbtkprdjdwLzT1jBdo7NuBq2yt32LoeXWTetH2;112cG3sZ9YUqH4fpfkYzRaybGWeVSJ4r2PQvJ7qSF92WTQkqYN7c;112nUEtrKPrgWtczpbira7aDU5271qduDfJm8Y2WSXjWwpkAHdgJ;1127Ppu6atThZCEVeY7FibaufiRVEUByLHGthgnE23hz1k25JbVv;11ULJyvQzLJFk2AZmvBoSVqLthL4Bqzp7g9wobXVA2fdUwNRqDB;11JkRhWLAoFc7hPMyGrjjbyrRAnbiwfGhgs9fPuFur76MuBdfiU;112bMSemYdNtaudWsyZXTyvktJfRMj6bXYiptF2hXdC4RGGHRWda;11GsmCDr8nGzj5HJ9WcTGn57q6pWBYtDZdbpMirT7Co5qz4xEp6
112u3Zr3oTs6TSBewf649PSiM1fCGg58gmhoAxvTZwtCeViB8XG1;11EvHibq4uNBJcjdzj2nEcBapqS4RVmd298BnrvHfqt1xH2EvL5;112K2iCdQAvzybUpDWfquJh21MkwEKraEQ9zuMsiw5be5JKFiLsv;11Hnm8BTSD9kjKhDNApTAWaE7LRX1h1hAeN9eC1TFyDv4mccB9z;112C9HAhw7dueztZzrmeSS22L22p8pnVkXZ2Qnh8xVbqtnmGgW4d;112fpjqDuU3MequG617EuQ3xhtdecz6ah2WxJK87XqfHL5jnSdvc;11HvtYiqmfpzzcMKeB2gyiAstrZY36DSSFnP7vzLYuCK5gwZ3hA;112ZmpaiAjm5n2PanBxsdCTPkvEwo7DhgA5w5EAggFdPEw9DJy9J;11mSdHSTRYov5dMqei5bJGuE3QaEkAXrdew2bh2whdbzGGq1kxR
112u2jPqMDCU7SouyerTbtSR9LNiN3k6pMncSNtCEU9GLWcRKcwn;11zwot2LG51K7YiAedEebr7yX8TnvG1dNMj7CsgPD4LGtLFBFfa;11zTg79vMZRHay6iKjW3GzJf4MMG5myg5ULc8TVufSxKbKWfXxK;112M7wzPsGT5N8TbxhC6dpSUPooJB9M1kpMtVDk6axZVadT23aiS;11WNSPCvKApBknQcY3P9Ya5gVRULnkag9n74jnr5iWWRp9EM98n;112e5Y6SmWR9BRdiEFxaS8o9hjfFBTQQYfBD7nPM6kDRnwmipcTx;112DDr4FTvtCsexWMrkpPkKphqBrrVe7E8uDcnjwMeRtJKvaHnfH;11TuJqMTYr4i8xxft2BxECvLBy2GKUVgrjDN7bkZQPvikzj8gyk;112FZKtK74aPpbtfqNVM8qKa8xJF24VBekY2V4siCdM96AYNYHmd;11Yy8gTSEjJSgpKkPJ75BdN5EvEHnKvpTjayjYadzXAdp1JGPjh;11myYrWMFVETKPaGCFTN24LeazDBKsEmFEzWBit1vSNeKB1Fp9v;112LCrz9ShjBYZ31kQ8kEfB5ivXipqhriyVsiRMMAQdRS7Qvh5tU;1121GRRVKGccpCzawT6ybTe34McwLTCLbUtB79GKbhnksKeCyWsK;11Jd3YUzo8LRYuSSAzWF48aYhNEyqQ2vWiFoXTdBPXdtSVaYa9x;11b27bBR9Vt8Sm73D9BX6UiCzHkSFnqxvTx1Sa176csm3ALPZqP;112rmJsZki2j5bz9t8oVyQNwmoTbMYS9xF7CeQwpFnPtc36mqLA4;11k4Gn6Qhs6JDet1w1fKxUe647zw4KRiZCYhNBtqYCL16BNmjRo
112u1UZmJbJXeh1SZ6t4XWsCn7uomzPpWTtAwL89CwHC8oMsMwaP;112HWNs76BBXNwypTSGEYRXuMdKTzfubpJK5MpG9GYCmaJ4ETo9U;112qZMhXjdKoSDsfyCndeKVW2Yi7ZUt65a7HSoasbKDeJUKfjvR3;112vwuL2nkGf4aGJ6Ct6euMvLJX788iUnFBDmH7kaWEFswM4oi6T;112n7jw5oysSPtZPM5ikxWkxi59Vt256a2MnqcEaayGcTwHFPWGM;112SvTB8SnZYNYJqob5DadgHMoinKe8SjKXH4MCa1oHwdyhT1zfd;11Fn5mQ3crYPSZ8FKRq7ZkWmnpE4GjPjaHvVpE2eoaSo15aCJGe;112nghEbqxXprqw9caHXztWC4Wf3Ebc17timp4Nm75Pnfvsk4jhg;112CeLPsogcniqCDPPj2MtUdyQKKcYEaTMkXrMp46UGArTionvpy
112tvmPggZYdYryzngZdCTgYS329EBdA4aWQ58BkMZQjzF7Qaa3q;11MgJfob6KiUbHEpqXgpAKAZCywsCy8prbhcV5Z5PLYr6xryKf4;11Wi2C6gCF5hrGupDExVmKrmZ7dnirqizdSvJt7ASkSzsMafbbM;112LKgbmExuvLkveJvUdzUdxsyMUEHtVWE1brm8Vn5xGShb6fpM3;1128ESjqHfRcHbE4VgBvMhyJeA4BMmE5dsVa6w5ViCPqsmEa2vvy;112uxvcQWcdBCgYkCPZGZaX3Fmpe4Xrx21qBNFyfA7YyEqEY6rbm;112L6wRNosubP6jgvYUrXhAdWps6MQc5YtbFHA6wGXnJ3ess9DCq;11c7UvnrBjphtmCC4jWUn1LiZ19MnUGcvbsFWPr2KLBuiBAhgLt;112CxKW82R7QwgTRQHsPvd1LNqp6hMUAA7enZZuLXUnbHCM38qCN;11DmA6JBdDaDYtnyhE9w2TTcBZzD2vEvFRZStuVWLqwWAiBQ77o;118NMNJsZxze6usAcb3nmUbCVEri38bwdbKV8HpzwtTx6tTHvLp;11WEtvgdmUnbwnzFSF8FyXCxvgXkEwSLxbtDucQyMGoxiJYmxV6;112tU1pA475cyLypenbMTG9WPwJmjU2U5T1phGgaf4rfmACc91qB;112WHCkUfC1TUNx4zTbjHKtxhD6CzKXf4r5X1C9veJrbFFgjjk7X;112qHiPVTxjwkrfTK9ofoGF6yEMvkB7QcKxzEiuZqMktPKpHHUHq
112tqPZXVLz171HTeb8jGhN53ukUYE125mMcGexKoXnfP39WyGCB;1127MJRJSKbnBrHRw9x3e9yxzWMeWtcFM5NsZPf6bsYYBAzDpETF;112qB3YaH5bZkCnKA5uRH7tBtGNv2Y5B4smv1jsmvGUzgKT71QpE;11Fn5mQ3crYPSZ8FKRq7ZkWmnpE4GjPjaHvVpE2eoaSo15aCJGe
112tpGbQjA547BRwPasqcvTLRL3mWvMJpGj5aAkPCshhyr1R154a;11HJrcSgtbvVW9bBfEmMqcTckKkfCfwry9ihS3RgzgPZcSsgfcC;115k1kp5iNzSCHQVM7ooSfXvVjb6R3E6GtZn5ayzAqLMUzbL3KR;112X4rJxEMvN8iomzihQ5ztwCB7pJcs381SUKkf8qNCypf4kGcDD;11Fn5mQ3crYPSZ8FKRq7ZkWmnpE4GjPjaHvVpE2eoaSo15aCJGe
112tg9WF2pUuX8TxumDFJZW6LtcuW2uzH9dZskrTKXzyhtV9rE9U;11mJ4eBay2xiQoU6vg3zqLTWEP2LUpxSWMwb4jHUVkjeSsm446L;11xXrFk5mvfkJV9BMCF1ov9FK7H75ZAhLKMz9rrQmezAKtcZKeh;11W9LZ4SPmc3uH2HQa7eST9re8UoTxWDpchia3q2kLwo2ecTMZj;11HEeCBa1iB2uSc3rSXMZRJwqPiyB4PFGwoj44hDe5vuuk1m9pU;112iXJ6dk6mnHoSv6GYQN62at67rRCFVgQGQFaR3J5P3y1KNAtqf;112t3VsVqvTQmSEWqQFuLELSMjtGkEa4uC8SSsYgvbHDKjymaFq4;11gkZLqFkyvTKJWdwm1M4NSoBt5wNwccQs6JkZqyy82c1Vq64Pa;11449wCzLVpUMDbcWVAXwfMN9KZCgftWUFr3UYK4Pbp7hMz7Qyf;112C4Qf8JbeFjREB6ugq1vw78kicYKJuLczGgoP6N4cWz2JG3FDs;1121CUjPCXxqc415iEzBGVnFFqTLLPpoBRz6g14Jwvc7REyUxUcz;11z1d15An4zMWyfhhKr2NcwNC1CMBU66HHyFeoySue2tKrvrgrK;112w7rbF2bCc6kGXhm3yN9191ojuCrHnheCjHz159aZHzoAmAS4o
112tfMD1CgqENhXksdKqrrtn3dSczUNb6u1E6t2mQD46wLEGHjhv;11b4Y9UNhhf1qhcRpWWNQRF8vXJvJZj8117Tqc6HT6wP88erKbL;11fJYJnYNDyeMsUxhmr3Er44zcpDMoRoJHTf6UcekEeUtRMCwDD;11vPA1Le7dTCSLqLn8c1Xr5wcUkJpn1KNsLwGGcWHA3fJ2XFWTV;112EnpmqcKxw7BkzGXyw6RgMmv1JHgkR5MEjvKiSKWdwVrJpvDWJ;11EvHibq4uNBJcjdzj2nEcBapqS4RVmd298BnrvHfqt1xH2EvL5;1126zMV84xLbjBwzPs2tBhJQDywYMS5dSCKSVvk8JQrZtiBKfdy2;11YXFUcZRiGqZycg17jWyCx1DHfdCNWqcAYNaMncFg5GCWD9zEE;11449wCzLVpUMDbcWVAXwfMN9KZCgftWUFr3UYK4Pbp7hMz7Qyf;11eescCVPfL8Gj4jJwGXTd4fQfQTWqWiNEkZWKTuYhW3a2a3mzr;112unYuXQs8MPE2tuWjk3aKt5ouFVZAgjfpVQkmChBWEQqQZiDmg;112dXjSacBehmUgTkmQ4rk7QAmwMgRBAeJz64eaRE9HaDVdz6dSA;11em4rANbthsH7sx3LU1ErQAsGhcnH8464DYbcvEcadHsh94gxn;11whvhx38Lfrp693BtXnZybhDA1t91PCsnrH2tBvsfegKHEwwfY;11Kj6LV5M51PzPjBVbtgESL625SsrzdPoi59PDPQ2xdeozNuRuq
112tbHwTqDZQMt3fcmDvKRRoq7Q4Ae7T7R7Cy7VQgDQU9zEiZJLf;112YWXzWM6C3DZkUmRiXE7YyMsx9enVStvMq9Ki1FY526uDkUjoG;11QwpK9HtiDq72eDcdFzAeemnzYYpfVyPAsiZ32QbKv11tnBP4N;112ucXwiiR6i6zgkEbfUHpFtggivB4qKx8EMjAG7ZSJmhTrRwTA1;112Nsb7qRZFYN15CMMe9mqUyrBQvx1n7XDrPHaGWqjjvnBCnDyFF;1128BhJnRTR582Sy7fTCo4YXBG9Az7jZc2vFYMZjJFbALf3vPa62
112ta2r5i7sbqXDzBuoe3VDUvRnBno7Q85hYUonvMuuzwAaWnXYX;11EvHibq4uNBJcjdzj2nEcBapqS4RVmd298BnrvHfqt1xH2EvL5;112wiQRRGjMJ6rcmHnUX5M47RV6Cn1Ud5FB4sGyDbNSGzJAf2RCf;112bSaxRaXptnGGthehVmvGVQeDBM8yMMpTyPN2FmFkyyEYuc5vg;11vL1GfgwcsBNe9JXhqR6LRDWGSq1RqWTYEyrYZv4LbrwPk6tis
112tZNnHJt61zCU5hkyJdsKxt8Qr5KtyGwGU1oVcFdsT7j96WNB4;112EtXVqZm4trAY6XesMRp28VqnQDfcLEpX5kFTfD7Dch6GtRDT8;11258o8twoH8ePLdkHTDkK8ofoD8W2jqLfcY2aSxtqfenPn14gQH;11HxryFhgdn3D2pJNJdDMDeAGDYe8a28uhzSBw2SQvdcdVq6QCY;112T646g3zapVVTFyxoJTh7QJoLGNNBy2FB45tjdab1KF5ni1TAp;11Fn5mQ3crYPSZ8FKRq7ZkWmnpE4GjPjaHvVpE2eoaSo15aCJGe;11v1pJvAxpbPW5deAt5tm3eZo7KkX8g6zSRgTJyNnLpgn7f651d;112Nxr1dGpV5sAZP7TjgrGUCySKhs1gBvFsMpGMLda1EthryHXL2;11ASXo7VMZqLmLhusGag5SSaeD9iH7ZTiZrJEidK2CHXuVfU14T
112tXXwKzBciMkz63XXnFD2qk8kSeHrBLqJ6rDPSx7oSsijuz4bN;119DzjkjapPdTbsSuLjENS5Xrw72a8sB3zNLzCXytvfvQunCZDv;11RN14NXWX1EnVHLpj8b2Yiuw2Q6bPyikYJeyigpaeEQrcaCKUu;112botrwKyZou8b3hWX3ykjPfdqEHWcYAQvYThaWb2MYY3sEFNn8;11EvHibq4uNBJcjdzj2nEcBapqS4RVmd298BnrvHfqt1xH2EvL5;1128HeDbULPuHESMajmDPG5DNfhdsqPm1v3hgF9Ace8E2Suw1UMP;11dBgizSZuQey6c4wkGm1e4wz52NSh8ThQTB1aR9pQB3NuNPJcP;11GaET3n4bkcnYrvXQ73TQDn5J2HPKrK24abxkUtHKrecZdwLHJ;11D69CK3ebWWdpXUq4hFrPFuHs426cbLRczz31VD1uBCq6iszVA;112PfV1h9JkzCGrk5icGHwkcEjmC4XxnSK8azcwAZvYNoMLhFPiw;112M3DVq2j3yFs5rdDsYcAY4j7KBjCMtg3X2oeZNtq76RWUTjdHW;112PW6ZvGNWssGPX6k769dzercrmdRyBUwrsY5xfCgQiSWPWrxHF;112bpawaSdvYrMqE7KX32TPuaB5Ms5VqbTRhEpTkJwDGPdimMAfH;11aS1BhckxMgNMgnsgUNTJH9kYhrADTgeDQvucrFqFG2L1GcApF;112fRz5v9QDj9ruCKNmKLL2u8R4Ln3aD6fVUMLjzHCG6kMD5vjpE;11PubU872pQEfwJuDZv5wyGurW83ETwNsXwWvPe6NXCTwdwAFVZ;112CFDoU2tDHasKX4AhC8bejLbENH5msww3P5pPcbXrVM8grkDcn;112gdDgQn4ExkbuaPTyi5t1W6irEmtZ4vxxJ26KW8oTTBDdXGbNx
112tWiXA2nRonNexrccW2RNvQ1zCcfwsw73gqreWwzhr4buVp5fE;11EvHibq4uNBJcjdzj2nEcBapqS4RVmd298BnrvHfqt1xH2EvL5;11vcVkxsWMVB2U7ycFprHiztmfRYZKx5qXVgESr38hscc83Fh3f;114zRc8FTZR1Tdjo61r5Sp1ZHqGs5AyeAqWpNYZqDTs7CXH9Pu5;11C5Cvg9aesryRAQVza2iDFNXFMF6LXHdtqKjxrMgTuHHhdhUYk;119td1MLCtGEAjnGJjMXTh6dcyq3FwW2gxoU9Ev5jrmE1f6aZQh;112C9HAhw7dueztZzrmeSS22L22p8pnVkXZ2Qnh8xVbqtnmGgW4d;11hotV9tvk2VwDrwpidrSaMgRm7hJcQoQHCDRu7Fzpj2ncaUP2T;11Fn5mQ3crYPSZ8FKRq7ZkWmnpE4GjPjaHvVpE2eoaSo15aCJGe
112tU1pA475cyLypenbMTG9WPwJmjU2U5T1phGgaf4rfmACc91qB;1121n5UQaEe8gb92ZLtbuhcd33xpYaUB7miWbDhNBmoCX5ssnhSa;11Wv7MyiuRRRFUKdsqMgq7MGfwtvwp5u8QAtRYLJ6YVRKPukhc4;11Fn5mQ3crYPSZ8FKRq7ZkWmnpE4GjPjaHvVpE2eoaSo15aCJGe;11jAUU6LLFBKkHH6jFpUmsNbj2Rp9Vxf42u2ahAnCuNXHTKpxuj;112n5eCVuB8whdgRG58ZmxCMc9isHnmtF9KU35fHRvjQbuFhg2A6
112tPeT7Vjy2nCPSHPrX4pXcgBeJqgcMbqtRfK5FoHL7QYhiFfi6;11EvHibq4uNBJcjdzj2nEcBapqS4RVmd298BnrvHfqt1xH2EvL5;112ptVw2FJmGJCzByxKV9HAUXGyKe54iYyFteivqmneTWqc74XaP;11za3upSrY69z9AXc3b1rH94fLmun7DnCPL2TAE7nxZKkJy3d8u;112P4UBvvAwDM11o6eHE6w44hGWq7ukNo4skTLSTsWYZx3wxPMqu
112tPYBvMPtuyirTMify91pmGPhRQG74kWh8y5evHWX2BQPJjuNU;11vcVkxsWMVB2U7ycFprHiztmfRYZKx5qXVgESr38hscc83Fh3f;11m3215prSEC3Wx7CAG2bMT5QK4J1cadVa4oDNzJqr2govrSxv5;112Sqo6uQ4cy3iu1LHn5ALG5SUNC5yY1XkTeR1kqweFtVv7ELaSy;112qB3YaH5bZkCnKA5uRH7tBtGNv2Y5B4smv1jsmvGUzgKT71QpE;11Fn5mQ3crYPSZ8FKRq7ZkWmnpE4GjPjaHvVpE2eoaSo15aCJGe
112tMz7s1fQAv1qgYwEFhe9nKAcNWJCLUGDVYgcXgSHMgsFHMKKt;112qb3J6JbJGAnGNN3pVDjme3GUVNkeyButUSxf2fg3NG65vKfhX;11EvHibq4uNBJcjdzj2nEcBapqS4RVmd298BnrvHfqt1xH2EvL5;112XWU5fW6uFtwBwxcHrpKy3wcdzQEFCN8KgwvTKNrHzECEG7fVS;11rWkkY2rjp1hfZ2noxtwRALArbf12hMzdytHVQrY1c1PzBX4iR;11pMcdrUKPiaPiymyRSCMW9D3TJBzBsJnW9QPqtBT9fgpjrvLNt;112BM7CePNAQvLU3kEjiDZ1RqR2FbovwCzUpcgLpARQywBwJCsjk
112tHFm8R9DFLy8kgbc7jjUErmTAmd7aKYzpSKX9jz8XPEfEuxDt;11qx9UQ34oCSSjFU2UvCjBWeUjy3XAmLfzrEmLEcCaC8cGSfuCz;11EvHibq4uNBJcjdzj2nEcBapqS4RVmd298BnrvHfqt1xH2EvL5;112wSJaUDuU6SkwhLvyRQwreRoBTEYBYLCkfneUZbmTDxFXNz77n;11263kd7cLpvrfBDv8GLEF5kq37kjxHFYE6t8KLEpe8fnwdLoUEx;11449wCzLVpUMDbcWVAXwfMN9KZCgftWUFr3UYK4Pbp7hMz7Qyf;11Fn5mQ3crYPSZ8FKRq7ZkWmnpE4GjPjaHvVpE2eoaSo15aCJGe
112tH7H6tr6BK1i7rrUT8YU6ugUiFeFSCdm7RtoGvKyZvJmiGKJZ;11JJzV7STuCHfpp13QgNmuLBaEcDoTUZA4qLvhxWeuP5d3coTRo;11cj67Csn7o3JrE16KsPGM2FYfw2WSB8Dk7s1DxK8nn8TJ2yCdY;1127xscFmkffSybbffbkLd1nCdAyP866drGzrcobYWLnBLK2iKQV;114TyJ2XX4eTNckMG5Nsk1p8GUwpa5sdWdABcReRU7w8KVrv4Ap;11K3TSdqYftQ37dwtPTRNxBzjfcoxhr7ZDmrXtQ1o6B1amAwR3t;11uAuNXDkMpNgHe2j4ugkbv68mP7RsVpyoTFJGWmsRw8NBPgAYx;11EvHibq4uNBJcjdzj2nEcBapqS4RVmd298BnrvHfqt1xH2EvL5;1128s66jgeG9oxw33FV7Gw52wfNukPSKGupB2C7N3w1poid5LeRC;112UifXsVYvR6zFMrHDaQF7xyHMBsE57G6DcpiBjJLEmvUy6kCUv;11MouZAg8pRyNJDqbr4KJWhfvwDrb9VZh4bB3bwsydrD4eu126e;11na4Ls1zJXoDfjwW6QmJafbMQLijYGBqMMLdV1eLmfzTyeDGMC;112APSm3iGrmUfoZfskmCfCRE93fnidkbcKpXUh8u2SJHp4DwxPj;11o297zjdgGTHzeoL62KuivVPWJqMwGNpiuYX18vAW4j8ZQKtbp;11s4S2VsUuPgVDATqU1cX5DdSiJppfMi79xGE7nLuzQcxbemULU;112jgi1LLNg9VPoAnPgMCmwkGu16H5QN6pZfjwmTVgcmMZ7CykvY;11Sfne1puLgjR1BgeQ6we1ti4Urn9ERbm9YQXtrpncHByrPCu5n;11FGyTgMtC896kCR8XsvdqEo7wRmK9fYxk6zYh8ftQDAEkNzuFs;11J2nLhKxhfo6nLiGVKvidekxbWBD1KFrqNw6BRKz7SnLXQttvF;11YbhDEYstsWBGuqZiktdoiit7MPhyUxeNwroGHiqcNaHFvYPji;112Wx1WP98JHMJXQ6MTMWQ6r4UDm5ptwBy2JK2EP1yZT3Wpb6XVr;112pWAdef2GK1PcAuqRLQHrapCuGHSfD1e2MifhAiP4meWYbU7Ns;11vAhUBHDjcN6NHrwqidy7pMDJPeQZn3TKHayK88uPmAzgJfQDx;112MCMqvkbdfbQ4BLopnGpMdnSeNUBEchHCbHsU2CMAZjRJKD3aB
112tH63a6WUWTdX1d99szjyj31JbGfasG6mrBfwCUX3gdTXMHWdR;112VfZngsnP2VnmPNw3BGPo1U8fbCko5VjWD72sa98dNo6E4hjAU;117grp1Ut7g4KJLSX6WcyUZ84sJSqnuZGnHBahjJJ22sdDjVTyn;11PAXxHLUJSqFCVFJZqxb9JgcQ7oBK17ghGoin5CXbKEKz4MzL2;11Fn5mQ3crYPSZ8FKRq7ZkWmnpE4GjPjaHvVpE2eoaSo15aCJGe;116XJhNJq6VYyXYvhWvg6U5cxNVakR3NTBS6FwRQKZBEQhXh6WY;112aF8PjyWY5QV1mKN1UYy7Vw6j4MBfvpAfsaWucDYCDAjZC5tq4
112tH2Jo6D5aeV1xGcmpjbAC7FrVimDMFSuhVwMNbUL7FU2JTneU;11EvHibq4uNBJcjdzj2nEcBapqS4RVmd298BnrvHfqt1xH2EvL5;112avYfivSWHQvgdLGdq33w5cYK4Mt882rfkoB71UVEBnaygQh5A;11Fn5mQ3crYPSZ8FKRq7ZkWmnpE4GjPjaHvVpE2eoaSo15aCJGe;112CUcwrKBx9h8rPdZRbDg3XPeaNUfv3d7cFt7cbJ8uzG9bQYvYG
112tGcihesSRKkQVJDrmF6sRXivPVPX1ugfw3whZaJtsVCXDr99f;112Z6fYnkQa8VAyMWHoaZJVzrxbWPoJV2NCfdZmaNoG1pYxWdGwD;112NhNhURvqksxppa8bxjMku5e51h8rqub36rFA5Kgo8nPdM5KHS;11EvHibq4uNBJcjdzj2nEcBapqS4RVmd298BnrvHfqt1xH2EvL5;112BRriSTjqh2rz1by9ir8hnnmvTCBHPGbe113DiYoFjR1TojKbE;112EQFFZMNkkCBJtBFEZBEAfPCe6gq7UzBR9LUeCVEBhVbHMMUeX
112tGWuwezmYGKgrMvhVKWXjBBTJBBrSYdKd5NvixeuFSsfbVJUP;11EvHibq4uNBJcjdzj2nEcBapqS4RVmd298BnrvHfqt1xH2EvL5;11q9nGcpFtmyq9hbRzrSQpBqXuXWfCy3LyVpLaejDNYMrWideFg;11DVe1VHW4mmBNWmGUFhaNAYKidPh7sC7i2TPdSP59y4E5eKURB
112tF9k7nfNmuJ8j78QYNyUjFqFui2zxsJL9DTKvoaMDDJPShaKG;112J4FWWDkdPZADSaB7wNHbJZivwnzKqB2JybE3sPoieUn8ZGW7G;11EvHibq4uNBJcjdzj2nEcBapqS4RVmd298BnrvHfqt1xH2EvL5;112kAVxCygysodiPjM6pWcTHwzSN9dUG1wRxfnYoAUXfrxYT6YGq;112NVqjA6Q6LfAB4c3yEyXJ1AToA1TGWpkX4Bcj9848hMCtk5mqg
112tEUfyBkYaazkhHbAXsexwhT29cq2dP6hrrwEpfK2vMH2AcaZL;112LYW45b1xwHMZA7dJPnPwiNAe8ws56EYrFWqrZGRJTym9VUY7V;11vBo8oiLPj9TXpLWw2VKcFXLwZyQQHGC26SqW7VdTbVS1PMBA4;11t3hn4K1MxmsX8nMZBCdbwu2C7igHqimt165gj3J9Xiwipd18B;11DzduLmMCSEciQWxSf9DpcMCbyMKw16XVzup4Pj2xGgCPVuma1;11JfSDU7Dk4uDGGjkUskSeGZWDLxDa5n2YvkX1SsbPCVv3wu8Dm;11KzK5ULyeT68N7ZdEPCpnWgqbST9zoXxBfxHHrHUpbRVz5Bb4f;112iDeVNSn5M7RNATLFnnB3rKvG2ZHsaDdfgqGMGSuwL7A1wvbns;1129RKZrSSD2856xCiw3RkiBmmadshEp2UfzLR1stBcFQxhxUAL5;11m2ju3Uua7juzYvaPJMCXdqXjx8VSVGmj53Ch6fnoWeJQd1mDk
112tAUGascKs6nEVLUptJX6FW8ZVWXmv7feMr5xVoAqu6ujdJgvW;112agW3Hos2EsNtzVZ86kT4wd4yPqR9PfUWqFSAoppyAgqdwpxgN;112BSooJhYnd5otQdL81aJqrmL4qgZ2jqNSFmXHASpsEs3ymnN3r;11qaX6mDaCZWLDFFwbmwyMmtnLx4M1Mfmut6eruy1NeQLMrAtcr;112jd54g1mNnWHqHZddoQdNxtQMLWK1UCNPCHyipuU1TbcyKbaLE;112a2xGbBFDXgf8dDF8VkXHVKvzc7dH91EV5WQMZ9zFBaHbVfK9U;11tXGS3Pw6C1YekneUYXzHAZhgjxnDT4FmBpNvXdTTnW4sHM2Me;112aeWRZdyz61Y7EQeMbXwqERNMPnciDvsxyFmhz1UfA9hte4R4W;112Ri48KAivhBwCnhd8Wx5NFECExfoAUH6dBPQXm565UYUmjNErE;11vcVkxsWMVB2U7ycFprHiztmfRYZKx5qXVgESr38hscc83Fh3f;112fqKHE6GV7k9ii9FwKEHu9awBixukVvniz9ZZ69NU3E9823kjx;112mbiFRvoxvqC6eYuqugZAT2dGdPvCAu2hSandEb4HWwbWME2Mx;11m3215prSEC3Wx7CAG2bMT5QK4J1cadVa4oDNzJqr2govrSxv5;112Pah4kwPwuVmCTmD1T5tiM2YZTQ4MmoFg68zxwyZsiYVtk8Bx3;112KeDS7RKLZrGNFuusbEUinCexRc8GpLGikCiwHgWYC1k79dQyn;11QrUfASTniyZDhchXeQ8iWkRFLmrKb1qC3rBBQ3mBbfX5xVH5k;112VMA6mJUP9LUKadWvfRNgzZ8QTZf3Gurs4B28fXg7Xx4Tms1Qw;11Sb9GHq8k9aNi21fPqfgxgJxgjAC6foRsCvcpQdD5CGA1w9c8W;112uJB5p73fWVTz6iMGPCFHBhUruGZkRGY1Ep2X4KFYiq8Uvsup9;112spPa7NSuPDbGdJQSwFMDp3x3UpvfTz9YGDrxuewfoHHE5SjYY;11RWR8CfCt7YXCdttFuNGFvDjZVxoh4FrSrjc4Xi1Yn4igykzuz;112tH7H6tr6BK1i7rrUT8YU6ugUiFeFSCdm7RtoGvKyZvJmiGKJZ;112mTCa8Th7vwm8HpGMckQt2BeDUcV5U1ddr6HEptFp1ws9L4DEH;114sDuKq54vF1Wtvvdvd33uND8whxYGvqqwxYciYkCWKR8Z4C2w;11kcqVk2RWJBJGSENmTgKi61iib5ZzxspiT7Vnfqi6xCFJhZTs5;11ZMAyYd7i37dCN4kzismzfR9cQHiQD7FXKsAJa8UudhWPTeCx5;112HfybJiG4eDoZkqR8V5djgrK4yc1HhKbE5J7uyD3v34scuRp5G;112mxqiHdQowDBqrHJNmfZVfMxAu7PJjWKkD8363cr7GZ3xxHXDs;112U1tWtsieowinfnrGyv6EMiHo6e39cmjHyZgu152ChP8rWERdC;112WtdkUcdQsMKSEkLrVRS7xHuv1SRwkHmnHKvkrSXKvpdQcLqsY;11vvCMQPdmJPBHrpt9RN4VhyuLNDmixpNs6od2Vmw6D5FfjVSeL;112HwmAx3XVW2NUGWa9Gk1yB2zkxXE6Bv4FXgop5Was5Msa7SUcH;11Ycr9ahuKQT2RNshpXcqYb5danPjvBVib9X8hRrzoi4ajrcBDR;11gQQknec6vuRm8exJU4UG9pyT1e1NXr6yZV7sjPdCwvXaYCJBN;11Fn5mQ3crYPSZ8FKRq7ZkWmnpE4GjPjaHvVpE2eoaSo15aCJGe;11J2nLhKxhfo6nLiGVKvidekxbWBD1KFrqNw6BRKz7SnLXQttvF;1125WYie1fJv1pGNKKbp2gXtrsRvioyENqHj7jGw8AXx1DukDLKt;112Fqu96jcMKBrABvq4sq2p1zWEttma8KywHDdopT1AkPnJLmxnk;11L9ycUx1BSKTXWbdmJTj6V4oMQPAD7XB9iGPTFV2D1dbJL9QfJ;112bM2Comn8VD9KXMYdKZYeSUKwRuJDWUJc2YbfKbDgHwArnt46a;11hWTZvKTPjKYF1NKUMfCgQePqojnKzRffXARtMKLGMtCsjNtAG;11qTZbaXb3ZxWD3fW4PmVJryWXyY5dCPaSTKmvDhgEBk8bxTSvS;11VKaN7fEvDm6NaGhcZtNSU1KAQQmTSwuuJsYYEqzh8mSWkoEUd;11vAhUBHDjcN6NHrwqidy7pMDJPeQZn3TKHayK88uPmAzgJfQDx;112boQ9vVCApVW1VWW4rh7buGM5JUH6DbXeynsxvsJ8JRdjEPDJT;1129waT8yUcphrcgYecpoXQtSGh9HS7NZfc6EfBHhQgYKJGibBHH;112gjyPqshYKFuZHn46ANXycy3rcST5KKHZRbtthAx7M9txR39XJ;11togyaprS5P3XMJjU8YqtJ8LNmT5N94Wi1vERWChKQsP6njYvv;11LAPDzgzfm1iQQAqKYJcVwqNNG7kHXH5FR8B9UJ9PBp6vxBZ5w
